Number: 1 371;No;Name;TypeNo;VolVehPrT(AP);SS,VolVehPrT(AP);VolVeh_nad 3,5 t (AP);SS,VolVeh_nad 3,5 t (AP);WKTPolyWGS84
1;422;5.KVETNA;61;91169;82174;2145;1607;LINESTRING(14.4547 50.0466,14.4580 50.0451,14.4596 50.0443)
2;423;;99;11572;11576;377;304;LINESTRING(14.4510 50.0475,14.4507 50.0481)
3;424;RAMPY;98;6925;8806;178;172;LINESTRING(14.4534 50.0478,14.4529 50.0480,14.4520 50.0484)
4;425;;61;78040;69569;1921;1411;LINESTRING(14.4672 50.0412,14.4679 50.0410,14.4686 50.0407,14.4693 50.0405)
5;426;;51;99685;87138;2856;2499;LINESTRING(14.4705 50.0402,14.4701 50.0403,14.4697 50.0404,14.4693 50.0405)
6;427;;51;88445;78250;2636;2331;LINESTRING(14.4724 50.0399,14.4718 50.0399,14.4711 50.0401,14.4705 50.0402)
7;428;5.KVETNA;51;114498;106791;3556;9540;LINESTRING(14.4724 50.0399,14.4733 50.0398,14.4742 50.0397,14.4754 50.0398,14.4763 50.0398,14.4772 50.0399,14.4782 50.0400,14.4791 50.0401,14.4797 50.0402,14.4803 50.0403,14.4807 50.0403)
8;429;;51;106098;96052;3154;9150;LINESTRING(14.4833 50.0402,14.4820 50.0403,14.4814 50.0403,14.4807 50.0403)
9;431;;96;21644;17568;935;1088;LINESTRING(14.4693 50.0405,14.4691 50.0408,14.4692 50.0410,14.4693 50.0412,14.4695 50.0412,14.4698 50.0413,14.4699 50.0412,14.4701 50.0411)
10;432;;96;11240;8887;219;168;LINESTRING(14.4705 50.0402,14.4707 50.0401,14.4708 50.0400,14.4708 50.0398,14.4708 50.0397,14.4707 50.0396,14.4706 50.0395,14.4704 50.0394,14.4701 50.0394,14.4699 50.0395,14.4697 50.0396)
11;433;;97;11510;9584;255;188;LINESTRING(14.4697 50.0396,14.4697 50.0397,14.4697 50.0398,14.4697 50.0399,14.4697 50.0400,14.4698 50.0401)
12;434;;97;554;7106;54;6270;LINESTRING(14.4683 50.0400,14.4684 50.0398,14.4684 50.0396,14.4685 50.0395,14.4687 50.0394,14.4688 50.0393,14.4689 50.0393,14.4690 50.0392,14.4692 50.0392,14.4692 50.0392,14.4695 50.0392)
13;435;;97;284;6409;19;6249;LINESTRING(14.4695 50.0392,14.4697 50.0392,14.4699 50.0392,14.4702 50.0392,14.4704 50.0393,14.4704 50.0393,14.4708 50.0394)
14;436;;96;26053;28541;919;7209;LINESTRING(14.4708 50.0394,14.4711 50.0395,14.4713 50.0396,14.4715 50.0397,14.4716 50.0398,14.4719 50.0398,14.4721 50.0399,14.4724 50.0399)
15;437;;96;25769;22131;901;960;LINESTRING(14.4677 50.0388,14.4683 50.0389,14.4686 50.0390,14.4689 50.0390,14.4694 50.0390,14.4697 50.0390,14.4702 50.0391,14.4705 50.0392,14.4706 50.0393,14.4708 50.0394)
16;438;;97;270;697;35;20;LINESTRING(14.4695 50.0392,14.4696 50.0393,14.4697 50.0393,14.4697 50.0394,14.4698 50.0395,14.4697 50.0396)
17;439;;97;869;8469;54;6310;LINESTRING(14.4683 50.0400,14.4676 50.0397,14.4674 50.0397,14.4673 50.0396,14.4673 50.0395,14.4673 50.0393)
18;440;;51;117557;110562;6833;13023;LINESTRING(14.4682 50.0391,14.4687 50.0394,14.4692 50.0397,14.4695 50.0399,14.4698 50.0401)
19;441;;51;129067;120146;7088;13212;LINESTRING(14.4698 50.0401,14.4704 50.0407)
20;442;;51;112342;103174;6543;6753;LINESTRING(14.4677 50.0388,14.4682 50.0391)
21;445;;51;138111;125305;7444;7713;LINESTRING(14.4677 50.0388,14.4667 50.0385,14.4658 50.0382,14.4653 50.0380)
22;446;;51;128699;114262;6750;7130;LINESTRING(14.4560 50.0379,14.4585 50.0377)
23;448;;99;18796;15419;1004;905;LINESTRING(14.4560 50.0379,14.4560 50.0383,14.4560 50.0385,14.4562 50.0387,14.4564 50.0388,14.4566 50.0388,14.4569 50.0388,14.4575 50.0387)
24;449;;75;22309;21562;1144;965;LINESTRING(14.4581 50.0384,14.4575 50.0387)
25;450;;99;20000;17734;1197;957;LINESTRING(14.4585 50.0377,14.4584 50.0374,14.4582 50.0369,14.4580 50.0367,14.4576 50.0366,14.4570 50.0366,14.4565 50.0367)
26;451;;72;34113;36355;1629;1278;LINESTRING(14.4581 50.0384,14.4578 50.0381,14.4576 50.0379,14.4574 50.0377,14.4571 50.0374,14.4568 50.0371,14.4565 50.0367)
27;452;VIDENSKA;72;46967;43390;2528;1929;LINESTRING(14.4558 50.0348,14.4558 50.0351,14.4560 50.0355,14.4560 50.0356,14.4561 50.0359,14.4562 50.0362,14.4563 50.0364,14.4565 50.0367)
28;453;MICHELSKA;72;18249;20094;703;578;LINESTRING(14.4622 50.0439,14.4623 50.0434,14.4621 50.0428,14.4620 50.0426)
29;457;MICHELSKA;72;18750;20333;742;600;LINESTRING(14.4607 50.0462,14.4622 50.0439)
30;458;MICHELSKA;72;18850;20645;715;614;LINESTRING(14.4607 50.0462,14.4603 50.0473)
31;459;VYSKOCILOVA;72;19336;20078;662;707;LINESTRING(14.4598 50.0486,14.4563 50.0482)
32;460;VYSKOCILOVA;72;20726;20986;586;620;LINESTRING(14.4534 50.0478,14.4563 50.0482)
33;461;;72;24844;23158;560;660;LINESTRING(14.4510 50.0475,14.4512 50.0476,14.4516 50.0476,14.4521 50.0477,14.4526 50.0477,14.4534 50.0478)
34;462;VYSKOCILOVA;72;25521;16452;585;503;LINESTRING(14.4510 50.0475,14.4506 50.0474,14.4504 50.0472,14.4501 50.0471,14.4499 50.0469,14.4497 50.0467,14.4495 50.0465)
35;494;;80;12179;13569;176;237;LINESTRING(14.4509 50.0438,14.4489 50.0427)
36;495;BUDEJOVICKA;72;18548;17996;386;415;LINESTRING(14.4509 50.0438,14.4499 50.0444)
37;496;BUDEJOVICKA;75;8801;10042;223;173;LINESTRING(14.4509 50.0438,14.4514 50.0435,14.4519 50.0433,14.4523 50.0431,14.4525 50.0431)
38;501;BUDEJOVICKA;75;9495;10587;219;159;LINESTRING(14.4579 50.0392,14.4595 50.0425)
39;502;BUDEJOVICKA;75;7723;10959;205;171;LINESTRING(14.4579 50.0392,14.4576 50.0388,14.4575 50.0387)
40;503;;81;3763;1516;65;28;LINESTRING(14.4550 50.0383,14.4552 50.0384,14.4556 50.0386,14.4561 50.0388,14.4566 50.0390,14.4570 50.0391,14.4572 50.0392,14.4579 50.0392)
41;795;;98;9869;8280;130;458;LINESTRING(14.5172 50.1186,14.5177 50.1180,14.5183 50.1175,14.5194 50.1169)
42;796;;98;12560;8966;238;534;LINESTRING(14.5194 50.1169,14.5188 50.1176,14.5183 50.1182,14.5181 50.1188)
43;799;KBELSKA;62;94738;93474;17185;15701;LINESTRING(14.5237 50.1153,14.5194 50.1169)
44;800;KBELSKA;72;37731;36921;2265;3792;LINESTRING(14.5313 50.1100,14.5314 50.1077)
45;801;KOLBENOVA;72;33578;19337;1454;1023;LINESTRING(14.5267 50.1102,14.5298 50.1101)
46;810;PODEBRADSKA;72;35638;28948;996;961;LINESTRING(14.5280 50.1042,14.5269 50.1039,14.5254 50.1038,14.5259 50.1039)
47;923;RAMPA SZ;99;7417;4793;379;566;LINESTRING(14.5314 50.0935,14.5308 50.0934,14.5303 50.0934,14.5299 50.0933,14.5297 50.0934,14.5295 50.0934,14.5292 50.0934,14.5291 50.0934,14.5290 50.0933,14.5288 50.0930)
48;924;RAMPA JZ;99;1913;1941;182;288;LINESTRING(14.5307 50.0927,14.5314 50.0924,14.5319 50.0922,14.5321 50.0921,14.5322 50.0920,14.5323 50.0919,14.5324 50.0917,14.5326 50.0916,14.5327 50.0915,14.5329 50.0914,14.5331 50.0913,14.5332 50.0913,14.5334 50.0913,14.5336 50.0913)
49;925;RAMPA JV;98;5335;4011;427;678;LINESTRING(14.5336 50.0913,14.5346 50.0920)
50;926;PRUMYSLOVA;72;50232;47458;2590;3747;LINESTRING(14.5313 50.1049,14.5315 50.1041,14.5320 50.1035)
51;928;PRUMYSLOVA;63;44016;43603;2465;3382;LINESTRING(14.5314 50.0935,14.5336 50.0913)
52;929;PRUMYSLOVA;63;43410;45172;2995;3629;LINESTRING(14.5336 50.0913,14.5340 50.0909,14.5343 50.0905,14.5347 50.0902,14.5349 50.0900,14.5353 50.0896,14.5356 50.0892,14.5359 50.0889,14.5362 50.0885,14.5364 50.0883,14.5366 50.0880)
53;935;PRUMYSLOVA;72;45521;45670;3099;4411;LINESTRING(14.5381 50.0801,14.5382 50.0828)
54;936;PRUMYSLOVA;63;45808;45755;3158;4497;LINESTRING(14.5381 50.0801,14.5379 50.0769)
55;939;CERNOKOSTEL.;72;39902;37650;3200;3235;LINESTRING(14.5373 50.0713,14.5393 50.0712)
56;942;JIZNI SPOJKA;51;92091;84957;6254;17410;LINESTRING(14.5395 50.0729,14.5387 50.0726,14.5366 50.0721)
57;943;PRUMYSLOVA;72;37673;35244;3387;3790;LINESTRING(14.5373 50.0713,14.5374 50.0721)
58;944;PRUMYSLOVA;72;29418;32341;2177;2726;LINESTRING(14.5373 50.0713,14.5371 50.0680)
59;945;PRUMYSLOVA;72;14699;15675;1059;1311;LINESTRING(14.5371 50.0680,14.5366 50.0669)
60;946;PRUMYSLOVA;72;14719;16666;1119;1415;LINESTRING(14.5376 50.0669,14.5371 50.0680)
61;947;;98;1606;1130;118;141;LINESTRING(14.5376 50.0669,14.5377 50.0686)
62;948;;98;1596;1126;119;141;LINESTRING(14.5377 50.0686,14.5362 50.0684,14.5363 50.0679)
63;950;PRUMYSLOVA;72;16290;16799;1178;1453;LINESTRING(14.5366 50.0669,14.5365 50.0650)
64;952;PRUMYSLOVA;72;14551;16626;1049;1347;LINESTRING(14.5373 50.0621,14.5374 50.0650)
65;954;PRUMYSLOVA;72;12447;15450;707;707;LINESTRING(14.5371 50.0584,14.5373 50.0621)
66;955;PRUMYSLOVA;72;13001;16603;428;639;LINESTRING(14.5360 50.0584,14.5366 50.0571)
67;956;PRUMYSLOVA;72;11536;15708;342;451;LINESTRING(14.5366 50.0571,14.5371 50.0584)
68;957;;98;717;993;184;364;LINESTRING(14.5360 50.0584,14.5360 50.0565)
69;958;;98;1153;1141;305;300;LINESTRING(14.5370 50.0565,14.5370 50.0565,14.5370 50.0568,14.5370 50.0571,14.5371 50.0576,14.5370 50.0579,14.5371 50.0584)
70;959;;81;2919;9565;407;721;LINESTRING(14.5360 50.0565,14.5365 50.0565,14.5370 50.0565)
71;960;PRUMYSLOVA;72;24536;32311;770;1091;LINESTRING(14.5364 50.0541,14.5366 50.0571)
72;965;PRUMYSLOVA;72;19493;25992;748;1012;LINESTRING(14.5307 50.0527,14.5326 50.0526,14.5334 50.0526,14.5341 50.0527,14.5348 50.0528,14.5355 50.0531,14.5360 50.0534,14.5364 50.0541)
73;967;SVEHLOVA;72;27132;27365;360;784;LINESTRING(14.5225 50.0529,14.5210 50.0531,14.5194 50.0537)
74;968;SVEHLOVA;72;16921;16070;296;675;LINESTRING(14.5181 50.0543,14.5160 50.0553,14.5139 50.0564,14.5136 50.0566,14.5110 50.0582)
75;970;SVEHLOVA;72;18718;16574;270;702;LINESTRING(14.5072 50.0602,14.5086 50.0597,14.5096 50.0591,14.5110 50.0582)
76;972;;98;10998;12635;339;563;LINESTRING(14.5021 50.0615,14.5023 50.0613,14.5026 50.0612,14.5031 50.0611,14.5041 50.0609)
77;974;;72;24266;21212;555;862;LINESTRING(14.5039 50.0615,14.5039 50.0614,14.5039 50.0613,14.5038 50.0612,14.5039 50.0610,14.5041 50.0609)
78;975;PRUBEZNA;75;24628;23314;609;790;LINESTRING(14.5046 50.0640,14.5039 50.0615)
79;976;;98;12543;14153;372;734;LINESTRING(14.5039 50.0615,14.5037 50.0615,14.5029 50.0616,14.5024 50.0616,14.5022 50.0616,14.5021 50.0615)
80;979;UVALSKA;72;21560;18486;623;832;LINESTRING(14.5085 50.0705,14.5081 50.0726)
81;990;JIZNI SPOJKA;51;52401;46864;3057;8891;LINESTRING(14.5196 50.0667,14.5188 50.0662,14.5184 50.0658,14.5180 50.0653,14.5173 50.0646,14.5163 50.0640,14.5155 50.0637)
82;991;JIZNI SPOJKA;51;129983;123152;7275;19543;LINESTRING(14.5021 50.0615,14.5013 50.0617,14.5006 50.0618,14.5001 50.0618,14.4995 50.0619,14.4992 50.0619,14.4988 50.0619,14.4983 50.0619,14.4978 50.0619,14.4973 50.0618)
83;992;;51;120471;117802;6747;19136;LINESTRING(14.4927 50.0603,14.4934 50.0606,14.4940 50.0608,14.4946 50.0611,14.4951 50.0613,14.4955 50.0614,14.4958 50.0615,14.4963 50.0616,14.4968 50.0617,14.4973 50.0618)
84;994;JIZNI SPOJKA;51;128208;127543;6684;19188;LINESTRING(14.4927 50.0603,14.4909 50.0596,14.4903 50.0593,14.4897 50.0591,14.4890 50.0590,14.4881 50.0589,14.4874 50.0589,14.4869 50.0589,14.4841 50.0591,14.4835 50.0591,14.4829 50.0591,14.4824 50.0590,14.4820 50.0589,14.4814 50.0587,14.4808 50.0585)
85;995;;51;112236;106282;5953;12037;LINESTRING(14.4796 50.0526,14.4790 50.0514,14.4787 50.0511,14.4787 50.0510,14.4785 50.0509)
86;996;;51;117167;110767;6189;12213;LINESTRING(14.4772 50.0499,14.4776 50.0501,14.4779 50.0503,14.4781 50.0505,14.4783 50.0507,14.4785 50.0509)
87;997;;51;104563;96700;5487;11446;LINESTRING(14.4764 50.0495,14.4772 50.0499)
88;998;;72;34719;30893;1162;954;LINESTRING(14.4779 50.0509,14.4775 50.0513)
89;999;;72;47323;44960;1863;1721;LINESTRING(14.4790 50.0500,14.4787 50.0502,14.4783 50.0505,14.4779 50.0509)
90;1000;;72;42290;40315;1627;1500;LINESTRING(14.4798 50.0497,14.4794 50.0499,14.4790 50.0500)
91;1001;;72;35108;33336;1389;1335;LINESTRING(14.4798 50.0497,14.4805 50.0495)
92;1002;;97;5955;5519;255;258;LINESTRING(14.4775 50.0513,14.4775 50.0511,14.4774 50.0510,14.4772 50.0508)
93;1003;;97;12604;14067;702;767;LINESTRING(14.4772 50.0508,14.4779 50.0509)
94;1004;;97;18560;19586;957;1025;LINESTRING(14.4765 50.0502,14.4765 50.0503,14.4765 50.0504,14.4765 50.0504,14.4765 50.0505,14.4765 50.0505,14.4766 50.0506,14.4767 50.0506,14.4768 50.0507,14.4769 50.0507,14.4770 50.0507,14.4772 50.0508)
95;1005;;97;5955;5519;255;258;LINESTRING(14.4765 50.0502,14.4766 50.0501,14.4766 50.0500,14.4766 50.0499,14.4766 50.0498,14.4766 50.0498,14.4765 50.0497,14.4765 50.0496,14.4764 50.0495)
96;1006;;97;12604;14067;702;767;LINESTRING(14.4772 50.0499,14.4770 50.0499,14.4769 50.0499,14.4769 50.0499,14.4768 50.0500,14.4768 50.0500,14.4767 50.0500,14.4767 50.0500,14.4766 50.0501,14.4765 50.0502)
97;1007;;97;15735;20936;731;7063;LINESTRING(14.4805 50.0495,14.4802 50.0498,14.4800 50.0500,14.4799 50.0503,14.4797 50.0505)
98;1008;;96;15837;21095;731;7108;LINESTRING(14.4797 50.0505,14.4795 50.0509,14.4794 50.0510,14.4794 50.0513,14.4794 50.0515,14.4796 50.0526)
99;1010;;97;102;159;0;45;LINESTRING(14.4790 50.0500,14.4792 50.0500,14.4793 50.0500,14.4794 50.0501,14.4795 50.0501,14.4796 50.0501,14.4797 50.0502,14.4798 50.0502,14.4798 50.0503,14.4797 50.0505)
100;1011;JIZNI SPOJKA;51;110518;102219;5742;11704;LINESTRING(14.4764 50.0495,14.4757 50.0492,14.4747 50.0487,14.4738 50.0483,14.4729 50.0478,14.4723 50.0475,14.4720 50.0473,14.4718 50.0471,14.4715 50.0468,14.4714 50.0465,14.4712 50.0463,14.4711 50.0460,14.4711 50.0456,14.4711 50.0450,14.4712 50.0446,14.4713 50.0439,14.4713 50.0434,14.4712 50.0429)
101;1012;;51;99820;92914;5554;11566;LINESTRING(14.4712 50.0429,14.4712 50.0425,14.4711 50.0422,14.4710 50.0418,14.4708 50.0415)
102;1013;;51;103791;98078;5913;11893;LINESTRING(14.4704 50.0407,14.4706 50.0410,14.4707 50.0412,14.4708 50.0415)
103;1014;;97;10698;9305;188;138;LINESTRING(14.4712 50.0429,14.4711 50.0427,14.4708 50.0424,14.4704 50.0420,14.4699 50.0417,14.4696 50.0415,14.4693 50.0413)
104;1015;;96;12973;11816;224;156;LINESTRING(14.4693 50.0413,14.4690 50.0413,14.4687 50.0412,14.4685 50.0412,14.4681 50.0412,14.4676 50.0412,14.4672 50.0412)
105;1016;;98;5907;7012;276;249;LINESTRING(14.4715 50.0419,14.4711 50.0418,14.4710 50.0418,14.4707 50.0417,14.4704 50.0417,14.4704 50.0417)
106;1017;;98;3971;5163;360;327;LINESTRING(14.4708 50.0415,14.4710 50.0416,14.4712 50.0418,14.4715 50.0419)
107;1018;KOLBENOVA;75;22605;20612;1510;980;LINESTRING(14.5313 50.1100,14.5328 50.1098)
108;1019;KOLBENOVA;98;9325;8350;778;480;LINESTRING(14.5473 50.1084,14.5481 50.1080,14.5485 50.1077,14.5490 50.1075,14.5497 50.1072,14.5503 50.1070,14.5508 50.1070,14.5514 50.1069,14.5523 50.1071,14.5524 50.1071)
109;1020;;71;23619;22755;1120;669;LINESTRING(14.5524 50.1071,14.5516 50.1074)
110;1021;;71;24609;24087;1159;659;LINESTRING(14.5516 50.1074,14.5499 50.1077,14.5492 50.1078)
111;1022;KOLBENOVA;98;10952;9731;878;423;LINESTRING(14.5492 50.1078,14.5481 50.1081,14.5473 50.1084)
112;1023;PODEBRADSKA;72;13657;14357;281;236;LINESTRING(14.5492 50.1078,14.5487 50.1078,14.5482 50.1077,14.5478 50.1076,14.5469 50.1072,14.5465 50.1071,14.5458 50.1068,14.5453 50.1067)
113;1026;PODEBRADSKA;72;28932;25898;752;356;LINESTRING(14.5438 50.1066,14.5453 50.1067)
114;1028;PODEBRADSKA;74;30759;27830;751;466;LINESTRING(14.5349 50.1058,14.5361 50.1061,14.5365 50.1062,14.5375 50.1063,14.5438 50.1066)
115;1031;;81;3894;3816;158;132;LINESTRING(14.5438 50.1066,14.5438 50.1059,14.5440 50.1058,14.5441 50.1058)
116;1032;;81;3178;2802;215;165;LINESTRING(14.5493 50.1033,14.5498 50.1034,14.5501 50.1035,14.5509 50.1040,14.5511 50.1041,14.5512 50.1043,14.5517 50.1048,14.5521 50.1052,14.5527 50.1055,14.5530 50.1056,14.5554 50.1063)
117;1034;;99;5471;6353;483;376;LINESTRING(14.5541 50.1070,14.5538 50.1072,14.5527 50.1076,14.5526 50.1076,14.5523 50.1076,14.5521 50.1076,14.5519 50.1075,14.5517 50.1075,14.5516 50.1074)
118;1035;;99;11909;10403;846;358;LINESTRING(14.5554 50.1063,14.5552 50.1064,14.5550 50.1065,14.5544 50.1068,14.5541 50.1070)
119;1036;;99;11346;10245;870;372;LINESTRING(14.5572 50.1060,14.5569 50.1060,14.5564 50.1060,14.5560 50.1061,14.5556 50.1062,14.5554 50.1063)
120;1037;BROUMARSKA;72;10333;10225;706;385;LINESTRING(14.5572 50.1067,14.5572 50.1060)
121;1038;BROUMARSKA;72;17824;16991;1080;458;LINESTRING(14.5572 50.1060,14.5571 50.1051,14.5568 50.1028)
122;1040;BROUMARSKA;75;21057;18352;960;215;LINESTRING(14.5568 50.1028,14.5567 50.1025,14.5567 50.1022,14.5566 50.1020,14.5563 50.1016,14.5561 50.1014,14.5559 50.1011,14.5556 50.1009,14.5542 50.1002)
123;1041;BROUMARSKA;75;21744;18918;991;246;LINESTRING(14.5486 50.0975,14.5542 50.1002)
124;1042;BROUMARSKA;75;21918;;986;;LINESTRING(14.5469 50.0942,14.5470 50.0951,14.5472 50.0957,14.5476 50.0966,14.5486 50.0975)
125;1044;;81;18216;15108;972;540;LINESTRING(14.5472 50.0895,14.5472 50.0884)
126;1046;CESKOBRODSKA;74;20143;18158;1583;812;LINESTRING(14.5346 50.0920,14.5472 50.0895)
127;1051;;82;6171;4548;74;0;LINESTRING(14.5469 50.0942,14.5407 50.0932)
128;1052;CESKOBRODSKA;74;19839;16265;1360;639;LINESTRING(14.5472 50.0895,14.5510 50.0887)
129;1053;CESKOBRODSKA;74;18177;14419;1183;139;LINESTRING(14.5510 50.0887,14.5549 50.0880)
130;1055;CESKOBRODSKA;74;16165;12823;1163;154;LINESTRING(14.5631 50.0876,14.5615 50.0876,14.5586 50.0876,14.5573 50.0876,14.5560 50.0877,14.5549 50.0880)
131;1056;CESKOBRODSKA;74;16580;13387;1232;371;LINESTRING(14.5631 50.0876,14.5712 50.0872)
132;1057;CESKOBRODSKA;74;17153;13998;1286;419;LINESTRING(14.5755 50.0858,14.5747 50.0861,14.5726 50.0870,14.5712 50.0872)
133;1058;CESKOBRODSKA;74;12941;14728;1263;565;LINESTRING(14.5755 50.0858,14.5773 50.0853)
134;1059;;74;17769;19598;1317;1065;LINESTRING(14.5906 50.0817,14.5920 50.0816,14.5948 50.0815,14.5957 50.0814)
135;1061;PRAZ.OKRUH;45;135297;84715;25183;18335;LINESTRING(14.5938 50.0960,14.5942 50.0946,14.5947 50.0913,14.5948 50.0902,14.5948 50.0890,14.5945 50.0863,14.5944 50.0853,14.5929 50.0808)
136;1062;;94;20094;17129;3520;3250;LINESTRING(14.5939 50.0969,14.5940 50.0972,14.5941 50.0975,14.5944 50.0978,14.5948 50.0981)
137;1063;;94;34422;29710;6101;5853;LINESTRING(14.5948 50.0981,14.5951 50.0983,14.5955 50.0984,14.5960 50.0986,14.5964 50.0987,14.5980 50.0987)
138;1064;;94;36312;29123;6201;5999;LINESTRING(14.5980 50.0987,14.5960 50.0992,14.5954 50.0995,14.5946 50.0999,14.5932 50.1009,14.5927 50.1012)
139;1065;;94;15864;13704;2718;2800;LINESTRING(14.5927 50.1012,14.5914 50.1020,14.5903 50.1033)
140;1066;;46;80116;;17738;;LINESTRING(14.5938 50.0960,14.5932 50.0975,14.5927 50.0986,14.5921 50.0999,14.5915 50.1010)
141;1069;;46;81526;45223;17761;11755;LINESTRING(14.5915 50.1010,14.5912 50.1016,14.5903 50.1033)
142;1070;PRAZ.OKRUH;45;112276;72806;23070;17177;LINESTRING(14.5882 50.1086,14.5885 50.1076,14.5889 50.1064,14.5892 50.1054,14.5896 50.1045,14.5899 50.1039,14.5903 50.1033)
143;1071;;46;86420;66480;21312;16819;LINESTRING(14.5882 50.1086,14.5880 50.1100)
144;1072;;45;91245;71294;21661;17007;LINESTRING(14.5879 50.1116,14.5880 50.1100)
145;1073;;99;6433;4568;202;55;LINESTRING(14.5922 50.1003,14.5924 50.1005,14.5927 50.1006,14.5930 50.1006,14.5932 50.1005,14.5936 50.1004,14.5939 50.1002,14.5940 50.1000,14.5939 50.0999,14.5936 50.0993)
146;1074;;99;1410;2870;23;51;LINESTRING(14.5936 50.0993,14.5941 50.0991,14.5945 50.0988,14.5945 50.0986,14.5944 50.0984,14.5942 50.0982,14.5938 50.0982,14.5934 50.0982)
147;1075;;94;14328;12581;2581;2603;LINESTRING(14.5903 50.1033,14.5910 50.1012,14.5910 50.1008,14.5907 50.1001,14.5907 50.0998,14.5906 50.0995,14.5907 50.0993,14.5908 50.0990,14.5910 50.0987,14.5913 50.0985,14.5915 50.0983,14.5918 50.0982,14.5922 50.0980,14.5926 50.0979,14.5932 50.0979,14.5938 50.0979,14.5943 50.0980,14.5948 50.0981)
148;1076;;94;20448;15419;3483;3200;LINESTRING(14.5927 50.1012,14.5920 50.1014,14.5918 50.1014,14.5915 50.1014,14.5910 50.1014,14.5908 50.1014,14.5905 50.1013,14.5900 50.1011,14.5896 50.1006,14.5893 50.1002,14.5893 50.0998,14.5895 50.0993)
149;1078;;94;28653;20666;3723;3327;LINESTRING(14.5895 50.0993,14.5916 50.0981,14.5926 50.0974,14.5938 50.0960)
150;1080;;99;8205;5246;240;127;LINESTRING(14.5874 50.1004,14.5895 50.0993)
151;1081;;72;5219;2743;49;57;LINESTRING(14.5980 50.0987,14.5966 50.0988,14.5952 50.0990,14.5936 50.0993)
152;1082;;72;13062;10182;274;164;LINESTRING(14.5874 50.1004,14.5936 50.0993)
153;1083;OBCHODNI CCM;72;21826;16727;525;311;LINESTRING(14.5874 50.1004,14.5869 50.1007,14.5856 50.1020)
154;1087;;98;13737;6326;979;358;LINESTRING(14.5851 50.1104,14.5858 50.1102,14.5864 50.1100,14.5870 50.1097,14.5873 50.1095,14.5878 50.1090,14.5880 50.1089,14.5882 50.1086)
155;1088;NACHODSKA;72;15764;18737;1055;544;LINESTRING(14.5906 50.1113,14.5888 50.1109)
156;1090;;63;32707;29275;2183;1109;LINESTRING(14.5888 50.1109,14.5851 50.1104)
157;1091;CHLUMECKA;63;53531;45556;3539;1754;LINESTRING(14.5827 50.1101,14.5851 50.1104)
158;1092;CHLUMECKA;63;59873;52141;3631;1803;LINESTRING(14.5827 50.1101,14.5811 50.1099)
159;1093;CHLUMECKA;63;63499;55108;3627;1770;LINESTRING(14.5776 50.1094,14.5811 50.1099)
160;1094;;63;55528;48613;3040;1530;LINESTRING(14.5731 50.1089,14.5762 50.1093)
161;1095;CHLUMECKA;63;51821;45610;2549;1338;LINESTRING(14.5731 50.1089,14.5714 50.1087)
162;1097;CHLUMECKA;63;48219;42646;2370;1268;LINESTRING(14.5524 50.1071,14.5532 50.1070,14.5540 50.1068,14.5547 50.1067,14.5554 50.1066,14.5560 50.1066,14.5567 50.1066,14.5572 50.1067)
163;1103;;81;14481;15729;939;394;LINESTRING(14.5682 50.1260,14.5667 50.1235)
164;1108;;81;13477;13496;956;463;LINESTRING(14.5682 50.1260,14.5707 50.1258,14.5718 50.1256)
165;1109;;82;11;7;4;1;LINESTRING(14.5758 50.1266,14.5753 50.1266,14.5743 50.1263,14.5718 50.1256)
166;1122;;82;1262;1196;217;182;LINESTRING(14.5568 50.1028,14.5549 50.1026)
167;1124;;82;688;566;31;31;LINESTRING(14.5549 50.1026,14.5542 50.1002)
168;1126;;72;11716;10312;386;158;LINESTRING(14.5568 50.1028,14.5598 50.1035,14.5602 50.1036,14.5607 50.1037,14.5614 50.1037,14.5619 50.1036,14.5626 50.1035,14.5632 50.1032,14.5636 50.1028)
169;1128;;72;10024;9015;343;140;LINESTRING(14.5766 50.1035,14.5744 50.1033,14.5728 50.1029,14.5696 50.1016,14.5683 50.1013,14.5671 50.1013,14.5662 50.1015,14.5649 50.1020,14.5636 50.1028)
170;1129;;72;9950;7733;338;151;LINESTRING(14.5745 50.1062,14.5751 50.1057,14.5755 50.1055,14.5759 50.1053,14.5765 50.1052,14.5770 50.1051,14.5774 50.1050,14.5777 50.1049,14.5779 50.1047,14.5780 50.1045,14.5779 50.1042,14.5779 50.1040,14.5776 50.1038,14.5773 50.1036,14.5766 50.1035)
171;1130;;72;13740;11752;495;281;LINESTRING(14.5745 50.1062,14.5730 50.1073)
172;1135;;81;2665;2537;111;71;LINESTRING(14.5572 50.1060,14.5592 50.1063)
173;1136;;75;16113;13421;523;301;LINESTRING(14.5739 50.1078,14.5730 50.1073)
174;1137;;99;10011;9621;585;373;LINESTRING(14.5731 50.1089,14.5732 50.1084,14.5739 50.1078)
175;1139;;99;9818;8574;612;252;LINESTRING(14.5748 50.1098,14.5753 50.1099,14.5757 50.1098,14.5758 50.1097,14.5760 50.1096,14.5761 50.1095,14.5762 50.1093)
176;1140;;98;6343;6586;92;49;LINESTRING(14.5827 50.1101,14.5837 50.1100,14.5840 50.1098,14.5843 50.1096,14.5844 50.1094)
177;1141;OBCHODNI CCM;80;11117;8633;436;249;LINESTRING(14.5873 50.1087,14.5868 50.1092,14.5862 50.1095,14.5858 50.1097)
178;1142;OBCHODNI CCM;80;12073;7958;433;247;LINESTRING(14.5877 50.1069,14.5873 50.1087)
179;1143;OBCHODNI CCM;72;19960;13103;529;306;LINESTRING(14.5877 50.1069,14.5880 50.1059)
180;1152;CESKOBRODSKA;74;25036;24024;1707;975;LINESTRING(14.5346 50.0920,14.5307 50.0927)
181;1153;;74;26949;25965;1889;1263;LINESTRING(14.5288 50.0930,14.5307 50.0927)
182;1154;CESKOBRODSKA;74;28020;27589;1698;1250;LINESTRING(14.5288 50.0930,14.5248 50.0935)
183;1901;MLADOBOLESL.;76;22625;19373;533;1009;LINESTRING(14.5201 50.1196,14.5181 50.1188)
184;2173;;94;27712;21831;4780;3448;LINESTRING(14.5893 50.1170,14.5897 50.1175,14.5903 50.1181,14.5908 50.1186,14.5921 50.1194,14.5934 50.1201)
185;2174;;99;11961;12894;2576;2523;LINESTRING(14.6245 50.1283,14.6247 50.1279,14.6247 50.1275,14.6244 50.1268,14.6240 50.1262,14.6234 50.1255,14.6230 50.1253)
186;2175;;99;11454;12329;2445;2288;LINESTRING(14.6245 50.1283,14.6236 50.1288,14.6229 50.1292,14.6214 50.1298,14.6206 50.1297)
187;2176;;74;13028;14650;2505;2300;LINESTRING(14.6206 50.1297,14.6230 50.1253)
188;2177;NACHODSKA;74;22336;24213;1199;541;LINESTRING(14.5928 50.1119,14.5906 50.1113)
189;2178;NACHODSKA;74;21849;24224;1085;594;LINESTRING(14.5943 50.1123,14.5949 50.1125,14.5976 50.1127)
190;2179;NACHODSKA;74;23430;18665;865;618;LINESTRING(14.6018 50.1135,14.5976 50.1127)
191;2180;NACHODSKA;74;15851;18339;682;625;LINESTRING(14.6130 50.1154,14.6018 50.1135)
192;2185;NACHODSKA;74;18268;20601;699;847;LINESTRING(14.6256 50.1175,14.6284 50.1179,14.6312 50.1180)
193;2187;NACHODSKA;75;13261;15905;705;737;LINESTRING(14.6312 50.1180,14.6373 50.1183)
194;2188;;81;12186;8323;470;198;LINESTRING(14.6017 50.1089,14.6006 50.1102,14.6003 50.1105,14.5976 50.1127)
195;2195;;81;10933;7402;385;151;LINESTRING(14.6017 50.1089,14.6023 50.1083,14.6026 50.1082,14.6030 50.1080,14.6040 50.1074,14.6049 50.1066)
196;2196;;81;9096;6386;235;91;LINESTRING(14.6080 50.1040,14.6090 50.1035,14.6100 50.1031,14.6107 50.1029,14.6116 50.1027)
197;2198;;81;4412;7598;185;100;LINESTRING(14.6116 50.1027,14.6129 50.1026,14.6137 50.1026,14.6153 50.1030,14.6157 50.1030,14.6161 50.1029,14.6165 50.1029,14.6172 50.1026,14.6177 50.1022,14.6181 50.1019,14.6183 50.1017,14.6187 50.1015,14.6231 50.0998)
198;2205;VE ZLIBKU;75;9895;9473;329;311;LINESTRING(14.6256 50.1175,14.6260 50.1161)
199;2206;VE ZLIBKU;75;11063;9929;397;266;LINESTRING(14.6260 50.1161,14.6258 50.1129,14.6257 50.1121,14.6255 50.1118,14.6242 50.1099)
200;2207;VE ZLIBKU;75;9873;9195;396;349;LINESTRING(14.6242 50.1099,14.6241 50.1096,14.6240 50.1090,14.6241 50.1085,14.6245 50.1070)
201;2208;VE ZLIBKU;75;10384;10067;462;482;LINESTRING(14.6255 50.0989,14.6254 50.1011)
202;2210;;81;4369;7548;185;100;LINESTRING(14.6255 50.0989,14.6231 50.0998)
203;2211;VE ZLIBKU;75;13160;11269;618;522;LINESTRING(14.6255 50.0989,14.6258 50.0963,14.6259 50.0955,14.6260 50.0951,14.6259 50.0948,14.6256 50.0945,14.6227 50.0913,14.6216 50.0899,14.6192 50.0887,14.6180 50.0878,14.6171 50.0868)
204;2213;;83;7927;7455;291;231;LINESTRING(14.6130 50.0890,14.6136 50.0886,14.6140 50.0881,14.6142 50.0878,14.6145 50.0875,14.6149 50.0874,14.6155 50.0873,14.6162 50.0871,14.6171 50.0868)
205;2215;DALNICE D11;16;67394;61576;11389;11910;LINESTRING(14.6584 50.1138,14.6439 50.1100)
206;2218;CESKOBRODSKA;75;14067;;984;;LINESTRING(14.6045 50.0805,14.5957 50.0814)
207;2220;CESKOBRODSKA;75;12674;23843;439;940;LINESTRING(14.6164 50.0810,14.6177 50.0809,14.6210 50.0804)
208;2221;DO PANENEK;81;988;5773;66;217;LINESTRING(14.6394 50.0660,14.6390 50.0662,14.6379 50.0670,14.6376 50.0671)
209;2222;STAROKOLIN.;74;12320;18250;388;699;LINESTRING(14.6240 50.0801,14.6262 50.0801)
210;2224;NOVOSIBRIN.;74;6983;21056;90;803;LINESTRING(14.6594 50.0764,14.6623 50.0759)
211;2226;NOVOSIBRIN.;74;2828;15167;68;606;LINESTRING(14.6647 50.0755,14.6746 50.0736,14.6805 50.0730)
212;2229;NOVOSIBRIN.;74;3175;15939;62;583;LINESTRING(14.6805 50.0730,14.6909 50.0722)
213;2231;STAROKLANOV.;75;11027;10561;261;450;LINESTRING(14.6594 50.0764,14.6612 50.0803,14.6623 50.0818,14.6656 50.0849,14.6662 50.0859,14.6664 50.0868,14.6664 50.0896)
214;2236;STAROKLANOV.;75;10956;10528;261;450;LINESTRING(14.6690 50.0953,14.6664 50.0896)
215;2238;SLAVETINSKA;75;7203;10128;173;350;LINESTRING(14.6756 50.1020,14.6737 50.1003,14.6719 50.0992,14.6690 50.0953)
216;2247;STAROUJEZD.;82;5817;5684;0;188;LINESTRING(14.6594 50.0764,14.6586 50.0759,14.6558 50.0741,14.6536 50.0727,14.6525 50.0719)
217;2248;STAROUJEZD.;83;8191;5757;1;186;LINESTRING(14.6525 50.0719,14.6517 50.0715,14.6511 50.0712,14.6510 50.0711,14.6508 50.0707,14.6501 50.0700,14.6485 50.0684)
218;2249;PODZAMECKA;81;2787;7630;141;194;LINESTRING(14.6426 50.0624,14.6405 50.0603)
219;2250;K BECHOVICUM;81;3930;11962;40;246;LINESTRING(14.6426 50.0624,14.6427 50.0638,14.6426 50.0642,14.6422 50.0647,14.6413 50.0652,14.6401 50.0657,14.6394 50.0660)
220;2252;K DUBCI;82;3514;10324;29;221;LINESTRING(14.6286 50.0624,14.6337 50.0638,14.6366 50.0630,14.6371 50.0633,14.6372 50.0638,14.6373 50.0643,14.6376 50.0646,14.6381 50.0648)
221;2253;KE KOL.ZAMKU;81;1000;10316;62;85;LINESTRING(14.6286 50.0624,14.6283 50.0624,14.6271 50.0625,14.6229 50.0628,14.6217 50.0629,14.6198 50.0628,14.6186 50.0626,14.6160 50.0627,14.6147 50.0628,14.6126 50.0630,14.6119 50.0629,14.6099 50.0629,14.6091 50.0627,14.6085 50.0627,14.6082 50.0626,14.6060 50.0622,14.6045 50.0619,14.6040 50.0618,14.6037 50.0619,14.6017 50.0619,14.6005 50.0618,14.5993 50.0617,14.5989 50.0617,14.5969 50.0617)
222;2254;KE KOL.ZAMKU;81;1000;10316;62;85;LINESTRING(14.5956 50.0629,14.5956 50.0629,14.5956 50.0628,14.5957 50.0627,14.5958 50.0626,14.5959 50.0624,14.5960 50.0623,14.5962 50.0621,14.5963 50.0619,14.5964 50.0618,14.5965 50.0618,14.5969 50.0617)
223;2256;V KRIZKACH;81;8197;17405;136;209;LINESTRING(14.5924 50.0637,14.5928 50.0637,14.5929 50.0637,14.5932 50.0637,14.5934 50.0636,14.5936 50.0636,14.5939 50.0635,14.5942 50.0634,14.5944 50.0634,14.5947 50.0632,14.5952 50.0630,14.5956 50.0629)
224;2257;DO RICAN;81;7587;9583;155;172;LINESTRING(14.5956 50.0629,14.5956 50.0630,14.5955 50.0632,14.5954 50.0634,14.5952 50.0636,14.5952 50.0637,14.5952 50.0638,14.5951 50.0640,14.5952 50.0641,14.5952 50.0642,14.5952 50.0643,14.5950 50.0646,14.5950 50.0648,14.5950 50.0650)
225;2258;DO RICAN;81;8036;10329;306;346;LINESTRING(14.6045 50.0805,14.6039 50.0786,14.6036 50.0782)
226;2261;DOLNOMECHOL.;81;9291;16209;141;208;LINESTRING(14.5924 50.0637,14.5921 50.0636,14.5918 50.0636,14.5916 50.0634,14.5914 50.0633,14.5909 50.0628,14.5904 50.0624)
227;2262;;81;6573;11993;147;304;LINESTRING(14.5904 50.0624,14.5860 50.0593)
228;2265;;81;6573;11993;147;304;LINESTRING(14.5798 50.0558,14.5799 50.0561,14.5800 50.0562,14.5801 50.0562,14.5803 50.0562,14.5806 50.0563,14.5811 50.0564,14.5814 50.0565,14.5816 50.0566,14.5820 50.0568,14.5821 50.0568,14.5826 50.0570,14.5829 50.0571,14.5860 50.0593)
229;2267;;81;177;3552;6;31;LINESTRING(14.5635 50.0550,14.5664 50.0557,14.5670 50.0559)
230;2271;;82;3889;1110;18;18;LINESTRING(14.5824 50.0886,14.5883 50.0867,14.5911 50.0851,14.5929 50.0849,14.5937 50.0845,14.5946 50.0845,14.5956 50.0850,14.6012 50.0859)
231;2273;;82;8599;5386;69;57;LINESTRING(14.5801 50.0886,14.5824 50.0886)
232;2275;;82;9749;6418;126;187;LINESTRING(14.5801 50.0886,14.5781 50.0887,14.5778 50.0886,14.5773 50.0886,14.5772 50.0886,14.5770 50.0885,14.5769 50.0884,14.5769 50.0884,14.5768 50.0883,14.5768 50.0882,14.5767 50.0878,14.5767 50.0875,14.5766 50.0873,14.5766 50.0872,14.5765 50.0871,14.5764 50.0869)
233;2276;;82;10960;7486;184;318;LINESTRING(14.5755 50.0858,14.5764 50.0869)
234;2277;;82;5465;4287;50;35;LINESTRING(14.6116 50.1027,14.6114 50.1022,14.6114 50.1020,14.6113 50.1016,14.6117 50.1014,14.6119 50.1011,14.6123 50.1008)
235;2278;;81;2316;1984;269;261;LINESTRING(14.5631 50.0876,14.5632 50.0879,14.5632 50.0882,14.5630 50.0886)
236;2281;NAROD.HRDINU;75;11931;12005;147;191;LINESTRING(14.5755 50.0858,14.5744 50.0847,14.5743 50.0835,14.5739 50.0824)
237;2283;NAROD.HRDINU;75;11291;7783;435;89;LINESTRING(14.5552 50.0725,14.5569 50.0731,14.5572 50.0733,14.5574 50.0734,14.5577 50.0735,14.5581 50.0736,14.5587 50.0738,14.5591 50.0738,14.5594 50.0739,14.5618 50.0747,14.5658 50.0767)
238;2288;USTREDNI;72;22322;21622;1239;852;LINESTRING(14.5426 50.0696,14.5453 50.0704)
239;2289;CERNOKOSTEL.;72;32641;30872;2040;2847;LINESTRING(14.5426 50.0696,14.5393 50.0712)
240;2290;KUTNOHORSKA;74;19200;20382;1153;2101;LINESTRING(14.5426 50.0696,14.5476 50.0669,14.5485 50.0664,14.5498 50.0655,14.5497 50.0655)
241;2291;KUTNOHORSKA;74;10509;19460;721;2044;LINESTRING(14.5592 50.0590,14.5546 50.0622)
242;2294;KUTNOHORSKA;74;11048;22333;695;2372;LINESTRING(14.5592 50.0590,14.5619 50.0569)
243;2296;KUTNOHORSKA;74;10257;22992;838;2292;LINESTRING(14.5670 50.0518,14.5667 50.0521,14.5662 50.0525,14.5654 50.0532,14.5643 50.0544,14.5635 50.0550)
244;2297;DOLNOMECHOL.;81;733;5490;15;61;LINESTRING(14.5592 50.0590,14.5607 50.0594,14.5615 50.0595,14.5624 50.0598,14.5627 50.0600,14.5630 50.0602,14.5632 50.0605,14.5634 50.0607,14.5636 50.0608,14.5638 50.0609,14.5642 50.0609,14.5655 50.0609)
245;2300;;81;1260;7592;9;30;LINESTRING(14.5924 50.0637,14.5828 50.0647,14.5824 50.0649,14.5816 50.0654,14.5807 50.0657,14.5799 50.0660,14.5795 50.0661,14.5792 50.0662,14.5785 50.0672,14.5775 50.0686,14.5771 50.0693,14.5768 50.0696,14.5767 50.0698,14.5763 50.0700,14.5759 50.0701,14.5746 50.0703,14.5737 50.0704,14.5731 50.0706,14.5727 50.0708,14.5722 50.0713,14.5718 50.0716,14.5716 50.0717,14.5712 50.0718,14.5699 50.0715,14.5682 50.0711,14.5668 50.0709,14.5658 50.0708,14.5648 50.0707,14.5638 50.0707,14.5629 50.0708,14.5621 50.0709,14.5612 50.0710,14.5607 50.0710,14.5596 50.0713)
246;2301;;81;1665;7772;10;29;LINESTRING(14.5552 50.0725,14.5553 50.0724,14.5555 50.0724,14.5557 50.0724,14.5558 50.0724,14.5559 50.0723,14.5563 50.0722,14.5568 50.0721,14.5571 50.0721,14.5578 50.0720,14.5581 50.0719,14.5583 50.0718,14.5585 50.0717,14.5588 50.0716,14.5591 50.0715,14.5593 50.0714,14.5596 50.0713)
247;2302;;75;15922;8303;988;1058;LINESTRING(14.5363 50.0622,14.5373 50.0621)
248;2303;;72;15642;7025;1258;967;LINESTRING(14.5427 50.0620,14.5373 50.0621)
249;2305;;81;3527;10628;451;945;LINESTRING(14.5400 50.0564,14.5370 50.0565)
250;2306;;81;3686;9357;545;617;LINESTRING(14.5592 50.0590,14.5574 50.0585)
251;2310;;75;17788;9969;953;1252;LINESTRING(14.5363 50.0622,14.5339 50.0622)
252;2312;;75;16135;14222;639;882;LINESTRING(14.5325 50.0623,14.5339 50.0622)
253;2313;;76;11129;10333;284;444;LINESTRING(14.5158 50.0686,14.5142 50.0688,14.5136 50.0690,14.5133 50.0690,14.5130 50.0689,14.5128 50.0690,14.5126 50.0692,14.5115 50.0696)
254;2315;;75;13086;12403;284;446;LINESTRING(14.5085 50.0705,14.5091 50.0703,14.5098 50.0702,14.5115 50.0696)
255;2316;;75;369;219;205;176;LINESTRING(14.5426 50.0696,14.5421 50.0690)
256;2357;U PLYNARNY;75;16520;17566;400;296;LINESTRING(14.4531 50.0548,14.4545 50.0553)
257;2360;U PLYNARNY;75;18752;15348;432;422;LINESTRING(14.4712 50.0570,14.4693 50.0569)
258;2397;PRUBEZNA;73;7361;5893;112;78;LINESTRING(14.4938 50.0676,14.4972 50.0665,14.4984 50.0662,14.4993 50.0659,14.5006 50.0657,14.5016 50.0655)
259;2398;PRUBEZNA;73;8804;7805;174;142;LINESTRING(14.5046 50.0640,14.5043 50.0644,14.5037 50.0649,14.5035 50.0650,14.5033 50.0651,14.5031 50.0652,14.5029 50.0653,14.5025 50.0653,14.5016 50.0655)
260;2409;ZABEHLICKA;75;16818;12012;339;187;LINESTRING(14.4803 50.0559,14.4790 50.0561)
261;2412;ZABEHLICKA;75;16818;12012;339;187;LINESTRING(14.4803 50.0559,14.4848 50.0554,14.4863 50.0551,14.4874 50.0548,14.4880 50.0547)
262;2413;ZABEHLICKA;75;17945;13498;473;289;LINESTRING(14.4896 50.0542,14.4880 50.0547)
263;2414;V KORYTECH;75;10485;6737;424;241;LINESTRING(14.4938 50.0567,14.4935 50.0558,14.4934 50.0557,14.4932 50.0556,14.4930 50.0554,14.4924 50.0552,14.4918 50.0550,14.4914 50.0549,14.4911 50.0548,14.4907 50.0548,14.4901 50.0545,14.4896 50.0542)
264;2419;V KORYTECH;75;17663;11694;895;603;LINESTRING(14.4938 50.0567,14.4935 50.0589,14.4935 50.0593,14.4936 50.0596,14.4937 50.0598)
265;2420;;75;19159;13028;760;562;LINESTRING(14.4945 50.0617,14.4944 50.0607,14.4944 50.0606,14.4941 50.0603,14.4938 50.0600,14.4937 50.0598)
266;2421;;98;18181;11431;785;514;LINESTRING(14.4927 50.0603,14.4937 50.0598)
267;2422;;98;8067;7031;235;165;LINESTRING(14.4945 50.0617,14.4927 50.0603)
268;2424;;98;9512;5350;528;407;LINESTRING(14.4973 50.0618,14.4945 50.0617)
269;2425;V KORYTECH;75;21112;16107;600;375;LINESTRING(14.4938 50.0676,14.4937 50.0673,14.4933 50.0668,14.4930 50.0663,14.4927 50.0659,14.4926 50.0656,14.4927 50.0654,14.4928 50.0652,14.4931 50.0650,14.4932 50.0649)
270;2427;PRACSKA;75;9884;9310;69;49;LINESTRING(14.4896 50.0542,14.4902 50.0530,14.4905 50.0530,14.4907 50.0529,14.4910 50.0529,14.4913 50.0529,14.4917 50.0529,14.4918 50.0530,14.4920 50.0532,14.4926 50.0534,14.4928 50.0534,14.4931 50.0534,14.4934 50.0534,14.4937 50.0533,14.4940 50.0532,14.4941 50.0532,14.4946 50.0529)
271;2429;PRACSKA;75;11837;10497;69;49;LINESTRING(14.5034 50.0531,14.5032 50.0531,14.5017 50.0531,14.5007 50.0532,14.5002 50.0533,14.4991 50.0534,14.4983 50.0534,14.4967 50.0531,14.4961 50.0526,14.4953 50.0527,14.4946 50.0529)
272;2430;PRACSKA;75;11481;9444;59;40;LINESTRING(14.5079 50.0533,14.5069 50.0530,14.5065 50.0529,14.5060 50.0529,14.5034 50.0531)
273;2432;PRACSKA;75;13176;10588;62;107;LINESTRING(14.5079 50.0533,14.5083 50.0534,14.5087 50.0535,14.5091 50.0536,14.5093 50.0536)
274;2434;PRACSKA;75;13991;12811;65;114;LINESTRING(14.5181 50.0543,14.5165 50.0542)
275;2440;;81;4034;2464;146;152;LINESTRING(14.5072 50.0602,14.5071 50.0596,14.5069 50.0593,14.5068 50.0590,14.5067 50.0589,14.5064 50.0588)
276;2444;CHODOVSKA;72;40808;36578;1416;1255;LINESTRING(14.4748 50.0527,14.4775 50.0513)
277;2447;BOHDALECKA;72;42212;37559;1382;1156;LINESTRING(14.4712 50.0570,14.4696 50.0606,14.4695 50.0614)
278;2520;NOVODVORSKA;72;16385;13641;248;105;LINESTRING(14.4494 50.0175,14.4511 50.0154)
279;2521;NOVODVORSKA;72;16895;14196;257;139;LINESTRING(14.4490 50.0179,14.4494 50.0175)
280;2556;;53;50843;54272;2121;8398;LINESTRING(14.4818 50.0486,14.4818 50.0487,14.4814 50.0490,14.4811 50.0492,14.4808 50.0493,14.4805 50.0495)
281;2557;SPORILOVSKA;53;46052;49977;1945;8208;LINESTRING(14.4818 50.0486,14.4832 50.0477,14.4844 50.0468,14.4853 50.0464,14.4858 50.0462,14.4865 50.0460,14.4873 50.0458,14.4878 50.0455,14.4884 50.0451,14.4887 50.0449,14.4890 50.0446,14.4892 50.0442,14.4893 50.0439,14.4894 50.0436,14.4894 50.0432)
282;2558;;53;40540;45647;1748;7993;LINESTRING(14.4882 50.0410,14.4887 50.0417,14.4892 50.0425,14.4893 50.0430,14.4894 50.0432)
283;2559;;53;18983;20093;830;961;LINESTRING(14.4882 50.0410,14.4881 50.0409,14.4880 50.0406,14.4879 50.0403,14.4878 50.0399,14.4878 50.0396)
284;2560;;96;20492;21093;998;1087;LINESTRING(14.4878 50.0396,14.4880 50.0391,14.4881 50.0385,14.4886 50.0378,14.4894 50.0370,14.4903 50.0363,14.4910 50.0355)
285;2562;;96;19224;24680;793;7007;LINESTRING(14.4893 50.0384,14.4889 50.0389,14.4887 50.0391,14.4885 50.0393,14.4884 50.0396,14.4883 50.0398,14.4882 50.0401,14.4882 50.0404,14.4881 50.0407,14.4882 50.0410)
286;2563;5.KVETNA;51;84831;76125;2894;8481;LINESTRING(14.4833 50.0402,14.4845 50.0400,14.4853 50.0398,14.4860 50.0396,14.4865 50.0395,14.4869 50.0393,14.4870 50.0393,14.4874 50.0391,14.4878 50.0389,14.4884 50.0386,14.4890 50.0383,14.4898 50.0376)
287;2564;;53;88773;82658;3369;13001;LINESTRING(14.4917 50.0350,14.4912 50.0360,14.4905 50.0370,14.4898 50.0376)
288;2565;DALNICE D1;16;116696;114920;5003;16617;LINESTRING(14.4933 50.0312,14.4934 50.0311,14.4939 50.0304,14.4948 50.0293,14.4956 50.0286,14.4964 50.0279,14.4972 50.0273,14.4982 50.0267,14.4993 50.0262,14.5015 50.0253,14.5037 50.0245,14.5063 50.0235)
289;2567;DALNICE D1;16;103157;110757;4744;16507;LINESTRING(14.5063 50.0235,14.5111 50.0216)
290;2568;DALNICE D1;16;107652;111309;5524;17047;LINESTRING(14.5111 50.0216,14.5215 50.0175,14.5273 50.0151)
291;2570;TURKOVA;72;22841;25057;779;1010;LINESTRING(14.4866 50.0411,14.4873 50.0412,14.4881 50.0412,14.4887 50.0411,14.4891 50.0409)
292;2572;TURKOVA;72;22900;25058;654;764;LINESTRING(14.4891 50.0409,14.4896 50.0407,14.4900 50.0404,14.4906 50.0395,14.4911 50.0390)
293;2573;TURKOVA;72;22246;24611;654;764;LINESTRING(14.4911 50.0390,14.4921 50.0382,14.4928 50.0377,14.4933 50.0373)
294;2574;;72;14964;16581;303;352;LINESTRING(14.4933 50.0373,14.4966 50.0353)
295;2576;TURKOVA;72;23635;23313;484;513;LINESTRING(14.4995 50.0335,14.4966 50.0353)
296;2577;TURKOVA;72;21252;21631;483;508;LINESTRING(14.4995 50.0335,14.5018 50.0325)
297;2581;;98;2472;2099;130;136;LINESTRING(14.4933 50.0373,14.4948 50.0361)
298;2582;;98;4965;6064;227;282;LINESTRING(14.4953 50.0364,14.4941 50.0370)
299;2583;;98;3111;2773;72;40;LINESTRING(14.4966 50.0353,14.4953 50.0364)
300;2584;;98;5560;3959;109;120;LINESTRING(14.4948 50.0361,14.4966 50.0353)
301;2585;;72;18456;17711;695;792;LINESTRING(14.4953 50.0364,14.4948 50.0361)
302;2586;MIROV. HNUTI;75;18183;18206;845;1013;LINESTRING(14.5012 50.0379,14.4993 50.0379,14.4993 50.0379)
303;2588;MIROV. HNUTI;75;15179;16348;765;971;LINESTRING(14.5107 50.0400,14.5097 50.0402,14.5084 50.0403,14.5073 50.0401,14.5065 50.0398,14.5060 50.0396)
304;2589;KE STACIRNE;75;11327;11896;242;338;LINESTRING(14.5107 50.0400,14.5087 50.0368)
305;2592;KE STACIRNE;75;12212;12224;243;340;LINESTRING(14.5087 50.0368,14.5080 50.0341)
306;2593;KE STACIRNE;75;14839;12332;320;409;LINESTRING(14.5073 50.0316,14.5078 50.0332,14.5080 50.0341)
307;2594;;72;15697;15627;518;507;LINESTRING(14.5073 50.0316,14.5070 50.0316,14.5067 50.0315,14.5063 50.0314)
308;2595;;72;16987;14974;498;517;LINESTRING(14.5063 50.0314,14.5063 50.0311,14.5066 50.0308,14.5069 50.0307,14.5071 50.0307)
309;2596;;72;15435;15788;524;489;LINESTRING(14.5071 50.0307,14.5074 50.0307,14.5077 50.0309,14.5078 50.0312)
310;2597;;72;14309;16175;520;481;LINESTRING(14.5078 50.0312,14.5077 50.0314,14.5075 50.0315,14.5073 50.0316)
311;2598;;81;6604;5885;102;210;LINESTRING(14.5052 50.0337,14.5080 50.0341)
312;2599;;81;7469;6144;92;112;LINESTRING(14.5052 50.0337,14.5021 50.0330,14.5019 50.0327,14.5018 50.0325)
313;2604;OPATOVSKA;72;34975;28251;936;1201;LINESTRING(14.5089 50.0239,14.5101 50.0240,14.5105 50.0240,14.5110 50.0242,14.5121 50.0246,14.5129 50.0249,14.5137 50.0251,14.5146 50.0252)
314;2606;OPATOVSKA;72;25344;18675;587;605;LINESTRING(14.5146 50.0252,14.5172 50.0255,14.5188 50.0257,14.5200 50.0258,14.5211 50.0261,14.5218 50.0265)
315;2607;OPATOVSKA;72;23881;17195;591;564;LINESTRING(14.5257 50.0292,14.5218 50.0265)
316;2608;OPATOVSKA;72;20475;17468;626;465;LINESTRING(14.5257 50.0292,14.5275 50.0304)
317;2610;OPATOVSKA;72;20475;14830;626;314;LINESTRING(14.5334 50.0315,14.5327 50.0311,14.5321 50.0310,14.5297 50.0308,14.5275 50.0304)
318;2611;OPATOVSKA;72;13249;11260;491;167;LINESTRING(14.5375 50.0339,14.5373 50.0337,14.5372 50.0336,14.5368 50.0334,14.5363 50.0333,14.5358 50.0331)
319;2614;MIROV. HNUTI;75;10648;10039;478;794;LINESTRING(14.5317 50.0354,14.5284 50.0358,14.5266 50.0362)
320;2615;MIROV. HNUTI;75;11973;11120;501;837;LINESTRING(14.5257 50.0364,14.5266 50.0362)
321;2616;MIROV. HNUTI;75;9515;10165;520;980;LINESTRING(14.5107 50.0400,14.5124 50.0396,14.5160 50.0393,14.5171 50.0392,14.5192 50.0388,14.5214 50.0381,14.5257 50.0364)
322;2617;;81;4378;3879;40;187;LINESTRING(14.5242 50.0359,14.5250 50.0361,14.5257 50.0364)
323;2618;;81;5420;4311;66;219;LINESTRING(14.5206 50.0356,14.5227 50.0356,14.5242 50.0359)
324;2619;;81;4954;3303;128;168;LINESTRING(14.5206 50.0356,14.5193 50.0357,14.5186 50.0356,14.5180 50.0356)
325;2621;;81;6439;4729;134;235;LINESTRING(14.5180 50.0356,14.5124 50.0344)
326;2624;;81;9961;7272;202;347;LINESTRING(14.5124 50.0344,14.5080 50.0341)
327;2625;TURKOVA;72;18607;20578;691;853;LINESTRING(14.4866 50.0411,14.4850 50.0409)
328;2627;;72;26556;27122;764;1008;LINESTRING(14.4850 50.0409,14.4828 50.0407)
329;2628;;99;8400;10739;402;390;LINESTRING(14.4828 50.0407,14.4807 50.0403)
330;2629;;72;18156;16383;362;618;LINESTRING(14.4815 50.0395,14.4828 50.0407)
331;2630;;98;2333;874;125;24;LINESTRING(14.4882 50.0410,14.4880 50.0408,14.4879 50.0407,14.4878 50.0406,14.4877 50.0405,14.4875 50.0405,14.4874 50.0404,14.4873 50.0404,14.4872 50.0404,14.4871 50.0405,14.4870 50.0405,14.4870 50.0405,14.4869 50.0405,14.4868 50.0406,14.4867 50.0406,14.4867 50.0406,14.4866 50.0407)
332;2631;;98;1509;1000;168;126;LINESTRING(14.4866 50.0407,14.4866 50.0406,14.4866 50.0405,14.4867 50.0405,14.4868 50.0404,14.4870 50.0403,14.4874 50.0401,14.4875 50.0400,14.4876 50.0400,14.4877 50.0399,14.4877 50.0398,14.4878 50.0396)
333;2637;LESANSKA;75;10002;9099;326;249;LINESTRING(14.4866 50.0411,14.4874 50.0417,14.4878 50.0419,14.4880 50.0420,14.4881 50.0422,14.4881 50.0423,14.4881 50.0424,14.4881 50.0426,14.4879 50.0428)
334;2639;SENOHRABSKA;75;14181;13662;506;783;LINESTRING(14.4891 50.0409,14.4897 50.0413,14.4902 50.0417,14.4905 50.0421)
335;2640;SENOHRABSKA;75;9058;9178;224;460;LINESTRING(14.4901 50.0433,14.4903 50.0428,14.4905 50.0423,14.4905 50.0421)
336;2641;;98;4729;4364;290;207;LINESTRING(14.4893 50.0384,14.4890 50.0390,14.4887 50.0395,14.4886 50.0398,14.4885 50.0400,14.4886 50.0402,14.4889 50.0407,14.4891 50.0409)
337;2642;;99;5511;4330;197;215;LINESTRING(14.4905 50.0421,14.4903 50.0422,14.4901 50.0423,14.4899 50.0424,14.4897 50.0425,14.4896 50.0427,14.4894 50.0432)
338;2643;;98;7949;6543;72;155;LINESTRING(14.4850 50.0409,14.4859 50.0408,14.4861 50.0408,14.4862 50.0406,14.4862 50.0405,14.4862 50.0404,14.4861 50.0403,14.4860 50.0402,14.4858 50.0401,14.4856 50.0401,14.4849 50.0401,14.4844 50.0401,14.4833 50.0402)
339;2644;;98;13318;13384;187;515;LINESTRING(14.4833 50.0402,14.4831 50.0397,14.4829 50.0393,14.4823 50.0392,14.4820 50.0392,14.4815 50.0395)
340;2646;RYSAVEHO;72;18112;15922;250;462;LINESTRING(14.4791 50.0382,14.4790 50.0379,14.4790 50.0378,14.4789 50.0376,14.4789 50.0374,14.4789 50.0372,14.4789 50.0369,14.4789 50.0368,14.4789 50.0366,14.4792 50.0362)
341;2650;RYSAVEHO;72;19368;17677;448;628;LINESTRING(14.4875 50.0328,14.4855 50.0333)
342;2651;;72;17029;15639;382;526;LINESTRING(14.4890 50.0329,14.4889 50.0330,14.4885 50.0331,14.4880 50.0331,14.4875 50.0328)
343;2652;;72;17573;16819;392;541;LINESTRING(14.4875 50.0328,14.4876 50.0325,14.4879 50.0322,14.4881 50.0322)
344;2653;;72;20131;18412;391;558;LINESTRING(14.4881 50.0322,14.4885 50.0322,14.4888 50.0324)
345;2654;;72;20672;18920;371;578;LINESTRING(14.4888 50.0324,14.4891 50.0326,14.4890 50.0329)
346;2655;POD CHODOVEM;72;23068;21081;655;764;LINESTRING(14.4931 50.0351,14.4942 50.0357,14.4948 50.0361)
347;2657;U KUNR.LESA;75;9741;9895;115;367;LINESTRING(14.4877 50.0295,14.4879 50.0280)
348;2658;U KUNR.LESA;75;8852;9179;114;257;LINESTRING(14.4917 50.0217,14.4913 50.0217,14.4909 50.0218,14.4904 50.0220,14.4896 50.0223,14.4891 50.0226)
349;2660;U KUNR.LESA;75;7436;7733;121;204;LINESTRING(14.4917 50.0217,14.4946 50.0214,14.4961 50.0212,14.4975 50.0209,14.4983 50.0208)
350;2661;U KUNR.LESA;75;9542;8426;133;201;LINESTRING(14.5005 50.0202,14.4983 50.0208)
351;2662;NA JELENACH;72;27642;23715;985;945;LINESTRING(14.5088 50.0209,14.5073 50.0204,14.5066 50.0202,14.5058 50.0200,14.5047 50.0198,14.5042 50.0198,14.5035 50.0198,14.5027 50.0198,14.5019 50.0199,14.5014 50.0200,14.5005 50.0202)
352;2664;PRIP.SEBEROV;98;28470;17722;1231;1145;LINESTRING(14.5111 50.0216,14.5088 50.0209)
353;2665;CHILSKA;72;42017;35097;1417;1306;LINESTRING(14.5089 50.0239,14.5088 50.0217,14.5087 50.0211,14.5088 50.0209)
354;2666;RAMPA;98;8720;2703;546;290;LINESTRING(14.5111 50.0216,14.5106 50.0221,14.5096 50.0226,14.5094 50.0227,14.5093 50.0228,14.5092 50.0229,14.5091 50.0231,14.5091 50.0232,14.5089 50.0239)
355;2668;PRIP.CHODOV;98;20828;19177;710;907;LINESTRING(14.5063 50.0235,14.5068 50.0237,14.5073 50.0239,14.5080 50.0239,14.5089 50.0239)
356;2669;K HRNCIRUM;75;15198;11333;604;214;LINESTRING(14.5088 50.0209,14.5103 50.0188)
357;2670;K HRNCIRUM;75;14455;11324;594;213;LINESTRING(14.5138 50.0132,14.5127 50.0146,14.5122 50.0151,14.5117 50.0160,14.5110 50.0176,14.5103 50.0188)
358;2672;K HRNCIRUM;75;13746;11498;231;117;LINESTRING(14.5166 50.0067,14.5140 50.0120,14.5141 50.0122,14.5143 50.0125,14.5145 50.0129,14.5138 50.0132)
359;2673;K HRNCIRUM;75;13746;11498;231;117;LINESTRING(14.5162 50.0026,14.5172 50.0051,14.5166 50.0067)
360;2674;K SEBEROVU;75;16263;14981;232;167;LINESTRING(14.5162 50.0026,14.5160 50.0024,14.5161 50.0020,14.5161 50.0017,14.5169 49.9996)
361;2675;K SEBEROVU;75;16219;14994;248;197;LINESTRING(14.5169 49.9996,14.5171 49.9985)
362;2676;K SEBEROVU;75;16219;14994;248;197;LINESTRING(14.5171 49.9985,14.5173 49.9979,14.5175 49.9974)
363;2677;K LABESKAM;75;4771;7642;93;119;LINESTRING(14.5162 50.0026,14.5229 50.0015,14.5294 50.0005)
364;2678;K LABESKAM;75;8600;9588;151;163;LINESTRING(14.5006 50.0056,14.5016 50.0055,14.5031 50.0054,14.5073 50.0050,14.5078 50.0049,14.5082 50.0048,14.5086 50.0047,14.5092 50.0045,14.5096 50.0043,14.5100 50.0041,14.5105 50.0037,14.5108 50.0035,14.5109 50.0035,14.5112 50.0034,14.5122 50.0033,14.5146 50.0029,14.5162 50.0026)
365;2680;KUNR.SPOJKA;75;23305;22359;706;958;LINESTRING(14.5006 50.0056,14.4999 50.0039,14.4995 50.0032,14.4993 50.0029,14.4991 50.0027,14.4989 50.0025,14.4982 50.0022,14.4960 50.0014,14.4941 50.0008,14.4918 50.0001)
366;2681;KUNR.SPOJKA;75;23290;22407;706;958;LINESTRING(14.4849 49.9987,14.4870 49.9990,14.4888 49.9994,14.4907 49.9998,14.4918 50.0001)
367;2683;K SEBERAKU;81;5238;3840;405;226;LINESTRING(14.5006 50.0056,14.4968 50.0060,14.4923 50.0103,14.4918 50.0115)
368;2684;K SEBERAKU;81;4800;4346;172;86;LINESTRING(14.4887 50.0127,14.4918 50.0115)
369;2685;K SEBERAKU;81;4800;4346;172;86;LINESTRING(14.4852 50.0135,14.4871 50.0133,14.4887 50.0127)
370;2686;K LIBUSI;81;16944;14504;169;129;LINESTRING(14.4765 50.0118,14.4802 50.0132,14.4818 50.0134,14.4852 50.0135)
371;2690;DOBRONICKA;75;17609;15166;788;411;LINESTRING(14.4765 50.0118,14.4702 50.0107)
372;2691;DOBRONICKA;75;14856;14186;484;302;LINESTRING(14.4621 50.0090,14.4702 50.0107)
373;2693;LIBUSSKA;75;12571;14013;199;424;LINESTRING(14.4621 50.0090,14.4630 50.0080)
374;2694;LIBUSSKA;75;12114;13534;307;462;LINESTRING(14.4635 50.0064,14.4635 50.0066,14.4634 50.0071,14.4633 50.0076,14.4631 50.0078,14.4630 50.0080)
375;2695;METEOROLOG.;75;16474;15744;889;376;LINESTRING(14.4635 50.0064,14.4632 50.0063,14.4623 50.0062,14.4615 50.0061,14.4615 50.0061)
376;2698;LIBUSSKA;75;17917;19697;1080;691;LINESTRING(14.4635 50.0064,14.4659 50.0023)
377;2774;ZALESI;72;30684;27641;1293;716;LINESTRING(14.4553 50.0292,14.4512 50.0281)
378;2784;VIDENSKA;75;21107;19282;1051;849;LINESTRING(14.4601 50.0245,14.4619 50.0218)
379;2785;VIDENSKA;75;22004;20320;1051;850;LINESTRING(14.4627 50.0212,14.4619 50.0218)
380;2786;VIDENSKA;75;16337;15485;895;801;LINESTRING(14.4627 50.0212,14.4642 50.0202)
381;2787;VIDENSKA;75;15837;14902;894;800;LINESTRING(14.4642 50.0202,14.4675 50.0181,14.4679 50.0177,14.4681 50.0174,14.4684 50.0168)
382;2788;VIDENSKA;75;15817;14718;897;800;LINESTRING(14.4696 50.0160,14.4692 50.0162,14.4687 50.0165,14.4684 50.0168)
383;2789;VIDENSKA;75;15425;14778;931;828;LINESTRING(14.4765 50.0118,14.4696 50.0160)
384;2790;VIDENSKA;75;13836;13250;1306;957;LINESTRING(14.4765 50.0118,14.4796 50.0077)
385;2792;VIDENSKA;75;13203;12730;1246;932;LINESTRING(14.4849 49.9987,14.4809 50.0044,14.4796 50.0077)
386;2827;;81;1758;2780;372;375;LINESTRING(14.4519 50.0350,14.4514 50.0349,14.4507 50.0347,14.4499 50.0345,14.4486 50.0340)
387;2843;MICHELSKA;75;15440;16615;363;321;LINESTRING(14.4531 50.0548,14.4530 50.0546,14.4529 50.0545,14.4527 50.0543,14.4526 50.0541,14.4525 50.0540,14.4525 50.0539,14.4525 50.0538,14.4526 50.0537,14.4527 50.0535,14.4529 50.0532,14.4531 50.0530,14.4532 50.0528,14.4533 50.0527,14.4534 50.0526,14.4536 50.0525,14.4538 50.0525,14.4540 50.0523,14.4542 50.0521)
388;2844;MICHELSKA;75;15188;17044;380;331;LINESTRING(14.4542 50.0521,14.4545 50.0517,14.4572 50.0517,14.4588 50.0502)
389;2846;MICHELSKA;75;16648;18636;569;554;LINESTRING(14.4598 50.0486,14.4590 50.0495,14.4588 50.0502)
390;2848;;81;2953;4549;217;218;LINESTRING(14.4598 50.0486,14.4605 50.0487,14.4610 50.0487,14.4616 50.0486,14.4621 50.0486,14.4625 50.0487,14.4631 50.0489,14.4638 50.0493)
391;2850;;81;1681;2272;63;66;LINESTRING(14.4686 50.0464,14.4687 50.0466,14.4688 50.0470,14.4687 50.0477,14.4685 50.0480,14.4673 50.0494,14.4671 50.0496,14.4668 50.0498,14.4663 50.0499,14.4656 50.0499,14.4650 50.0498,14.4645 50.0497,14.4638 50.0493)
392;2852;;81;1860;3135;84;51;LINESTRING(14.4686 50.0464,14.4674 50.0457,14.4673 50.0455,14.4669 50.0453,14.4666 50.0452,14.4662 50.0451,14.4659 50.0450,14.4657 50.0450,14.4655 50.0450,14.4653 50.0450,14.4649 50.0451,14.4644 50.0453)
393;2853;;81;1850;2482;128;129;LINESTRING(14.4644 50.0453,14.4607 50.0462)
394;2854;;81;3525;5393;147;117;LINESTRING(14.4686 50.0464,14.4704 50.0457)
395;2855;;81;4025;7715;147;117;LINESTRING(14.4727 50.0445,14.4704 50.0457)
396;2856;;81;4700;6727;200;167;LINESTRING(14.4727 50.0445,14.4729 50.0447,14.4748 50.0461,14.4752 50.0464,14.4757 50.0467)
397;2858;;81;4710;6088;217;106;LINESTRING(14.4757 50.0467,14.4807 50.0488)
398;2859;;75;7182;6980;238;165;LINESTRING(14.4798 50.0497,14.4807 50.0488)
399;2860;SEVERNI I.;75;8914;8926;372;194;LINESTRING(14.4813 50.0483,14.4807 50.0488)
400;2861;SEVERNI I.;75;8788;8926;310;194;LINESTRING(14.4838 50.0462,14.4813 50.0483)
401;2862;;81;2754;4875;183;155;LINESTRING(14.4727 50.0445,14.4725 50.0422)
402;2863;;75;9878;12176;635;576;LINESTRING(14.4725 50.0422,14.4715 50.0419)
403;2864;;75;7210;7651;453;423;LINESTRING(14.4725 50.0422,14.4729 50.0423,14.4731 50.0424,14.4734 50.0425,14.4759 50.0434)
404;2866;;75;7387;7637;363;347;LINESTRING(14.4838 50.0462,14.4823 50.0458,14.4806 50.0453,14.4799 50.0450,14.4794 50.0448,14.4759 50.0434)
405;2877;SENOHRABSKA;75;6275;6021;140;312;LINESTRING(14.4901 50.0433,14.4899 50.0439,14.4895 50.0445,14.4894 50.0447)
406;2884;ROZTYLSKA;72;18933;17881;303;481;LINESTRING(14.4922 50.0296,14.4921 50.0300,14.4918 50.0306,14.4913 50.0311,14.4906 50.0315)
407;2885;ROZTYLSKA;72;11819;12368;219;411;LINESTRING(14.4937 50.0268,14.4932 50.0271,14.4930 50.0273,14.4927 50.0275,14.4925 50.0277,14.4924 50.0279,14.4923 50.0283,14.4922 50.0287,14.4922 50.0291,14.4922 50.0296)
408;2886;ROZTYLSKA;72;11121;11907;216;409;LINESTRING(14.4937 50.0268,14.4961 50.0260)
409;2887;ROZTYLSKA;72;10210;11545;220;410;LINESTRING(14.4997 50.0232,14.4996 50.0235,14.4995 50.0242,14.4993 50.0245,14.4991 50.0248,14.4986 50.0251,14.4980 50.0253,14.4961 50.0260)
410;2888;ROZTYLSKA;72;11266;11829;254;414;LINESTRING(14.5005 50.0202,14.4997 50.0232)
411;2895;STUROVA;75;22044;21532;712;559;LINESTRING(14.4512 50.0281,14.4513 50.0267)
412;2897;STUROVA;75;20853;20148;658;523;LINESTRING(14.4513 50.0267,14.4515 50.0231)
413;2898;STUROVA;75;19491;19006;582;477;LINESTRING(14.4515 50.0231,14.4515 50.0211)
414;2899;STUROVA;75;19491;19006;582;477;LINESTRING(14.4522 50.0197,14.4518 50.0203,14.4516 50.0207,14.4516 50.0209,14.4515 50.0211)
415;2900;STUROVA;75;21044;20464;590;477;LINESTRING(14.4528 50.0189,14.4522 50.0197)
416;2901;LIBUSSKA;75;13832;14384;506;346;LINESTRING(14.4528 50.0189,14.4546 50.0164)
417;2902;LIBUSSKA;75;15187;16028;533;377;LINESTRING(14.4572 50.0139,14.4562 50.0147,14.4552 50.0155,14.4546 50.0164)
418;2904;LIBUSSKA;75;17528;18067;600;445;LINESTRING(14.4621 50.0090,14.4597 50.0108)
419;2906;;72;14746;;499;;LINESTRING(14.4490 50.0179,14.4528 50.0189)
420;2916;;82;2262;1689;15;3;LINESTRING(14.4533 50.0200,14.4522 50.0197)
421;2917;;82;2167;1687;11;0;LINESTRING(14.4533 50.0200,14.4554 50.0206,14.4561 50.0208,14.4567 50.0208,14.4581 50.0210,14.4586 50.0211,14.4604 50.0215,14.4619 50.0218)
422;2934;;81;10555;7900;840;508;LINESTRING(14.5472 50.0884,14.5469 50.0883,14.5459 50.0883,14.5439 50.0883,14.5378 50.0884,14.5372 50.0883,14.5369 50.0881,14.5366 50.0880)
423;2935;;81;11672;10781;677;371;LINESTRING(14.5472 50.0884,14.5483 50.0878,14.5488 50.0872,14.5495 50.0861,14.5509 50.0841,14.5517 50.0826)
424;2936;K HORKAM;75;13705;16700;656;680;LINESTRING(14.5225 50.0529,14.5225 50.0527,14.5226 50.0525,14.5227 50.0522,14.5230 50.0518,14.5232 50.0516,14.5238 50.0512,14.5240 50.0510,14.5244 50.0509,14.5250 50.0508,14.5254 50.0508)
425;2937;;81;5107;5638;0;0;LINESTRING(14.5306 50.0522,14.5294 50.0523,14.5275 50.0520,14.5254 50.0508)
426;2938;K HORKAM;75;18812;22337;656;680;LINESTRING(14.5264 50.0501,14.5254 50.0508)
427;2939;K HORKAM;75;18556;21889;622;634;LINESTRING(14.5272 50.0490,14.5271 50.0493,14.5270 50.0495,14.5268 50.0497,14.5264 50.0501)
428;2940;K HORKAM;65;18336;21365;586;565;LINESTRING(14.5261 50.0456,14.5267 50.0459,14.5269 50.0460,14.5276 50.0464,14.5285 50.0470,14.5287 50.0473,14.5288 50.0476,14.5288 50.0480,14.5287 50.0482,14.5285 50.0485,14.5279 50.0488,14.5272 50.0490)
429;2941;K HORKAM;65;17455;20208;498;471;LINESTRING(14.5223 50.0464,14.5245 50.0456,14.5248 50.0455,14.5252 50.0455,14.5255 50.0456,14.5258 50.0456,14.5261 50.0456)
430;2944;;81;970;1220;88;94;LINESTRING(14.5239 50.0469,14.5241 50.0467,14.5243 50.0462,14.5244 50.0459,14.5246 50.0454,14.5246 50.0453,14.5248 50.0450)
431;2946;K HORKAM;74;16673;19095;410;378;LINESTRING(14.5223 50.0464,14.5204 50.0460,14.5195 50.0454,14.5188 50.0445,14.5184 50.0440,14.5175 50.0436)
432;2949;K HORKAM;74;21703;23070;629;653;LINESTRING(14.5107 50.0400,14.5114 50.0408)
433;2954;;82;2929;2418;142;127;LINESTRING(14.5225 50.0529,14.5225 50.0546)
434;2957;;81;3852;3091;116;168;LINESTRING(14.5307 50.0527,14.5308 50.0530,14.5313 50.0533,14.5317 50.0535,14.5319 50.0535,14.5320 50.0537,14.5319 50.0538,14.5321 50.0547,14.5322 50.0549)
435;2960;;81;3166;1838;6;6;LINESTRING(14.5512 50.0523,14.5504 50.0533,14.5493 50.0537,14.5466 50.0542,14.5465 50.0542)
436;2961;;75;10507;11692;39;140;LINESTRING(14.5427 50.0517,14.5426 50.0524,14.5426 50.0533,14.5426 50.0534)
437;2962;;75;6781;7807;23;97;LINESTRING(14.5427 50.0517,14.5433 50.0506)
438;2963;;75;6781;7807;23;97;LINESTRING(14.5432 50.0487,14.5436 50.0492,14.5437 50.0495,14.5438 50.0496,14.5436 50.0499,14.5435 50.0503,14.5433 50.0506)
439;2964;HORNOMECHOL.;75;15497;13684;268;464;LINESTRING(14.5306 50.0522,14.5313 50.0521,14.5317 50.0521,14.5323 50.0521,14.5329 50.0521,14.5332 50.0521,14.5340 50.0519,14.5348 50.0516,14.5351 50.0515)
440;2965;HORNOMECHOL.;75;17914;17673;268;464;LINESTRING(14.5307 50.0527,14.5306 50.0522)
441;2971;;81;13203;11381;67;46;LINESTRING(14.5553 50.0478,14.5560 50.0468,14.5565 50.0464,14.5570 50.0460,14.5581 50.0450)
442;2973;;81;9490;8351;67;44;LINESTRING(14.5581 50.0450,14.5574 50.0433,14.5572 50.0432,14.5571 50.0431,14.5569 50.0431,14.5563 50.0430,14.5544 50.0428)
443;2974;;81;5953;6222;44;26;LINESTRING(14.5544 50.0428,14.5533 50.0427,14.5527 50.0425,14.5523 50.0423,14.5520 50.0420,14.5519 50.0418,14.5517 50.0413,14.5519 50.0409,14.5521 50.0406,14.5528 50.0402,14.5537 50.0401,14.5582 50.0401,14.5600 50.0400,14.5607 50.0399,14.5611 50.0396,14.5614 50.0394,14.5618 50.0379)
444;2978;;81;6982;6862;66;32;LINESTRING(14.5618 50.0379,14.5625 50.0355)
445;2980;;81;7897;7482;67;32;LINESTRING(14.5625 50.0355,14.5630 50.0341)
446;2983;NOVOPETROV.;75;20235;19779;792;940;LINESTRING(14.5673 50.0361,14.5671 50.0360,14.5667 50.0360,14.5657 50.0359,14.5652 50.0357,14.5650 50.0355,14.5644 50.0345)
447;2984;PODLESKA;75;20415;22550;981;1149;LINESTRING(14.5673 50.0361,14.5717 50.0366)
448;2985;PODLESKA;75;18563;18249;1022;1073;LINESTRING(14.5717 50.0366,14.5772 50.0368)
449;2986;PODLESKA;75;17741;18214;1593;1388;LINESTRING(14.5772 50.0368,14.5779 50.0368,14.5787 50.0366,14.5795 50.0361,14.5801 50.0359,14.5804 50.0359)
450;2990;PRATELSTVI;75;10826;14013;1217;1998;LINESTRING(14.5893 50.0386,14.5847 50.0416,14.5831 50.0425)
451;2991;PRATELSTVI;75;13725;14512;1986;2092;LINESTRING(14.5831 50.0425,14.5792 50.0449)
452;2996;HORNOMECHOL.;75;11477;11244;245;492;LINESTRING(14.5553 50.0478,14.5581 50.0486,14.5595 50.0489,14.5602 50.0491,14.5609 50.0492,14.5613 50.0493,14.5617 50.0493,14.5618 50.0493,14.5623 50.0492,14.5628 50.0491,14.5632 50.0490,14.5635 50.0488)
453;3001;HORNOMECHOL.;75;15468;15620;323;537;LINESTRING(14.5673 50.0361,14.5670 50.0364,14.5668 50.0368,14.5666 50.0370,14.5666 50.0373,14.5666 50.0377,14.5668 50.0384,14.5668 50.0395,14.5669 50.0408)
454;3003;NOVOPETROV.;75;20946;20728;856;931;LINESTRING(14.5513 50.0313,14.5520 50.0314,14.5529 50.0315,14.5534 50.0316,14.5537 50.0317,14.5550 50.0320,14.5572 50.0325,14.5630 50.0341)
455;3004;NOVOPETROV.;75;21287;21756;905;876;LINESTRING(14.5449 50.0331,14.5457 50.0328,14.5465 50.0325,14.5479 50.0319,14.5481 50.0318,14.5489 50.0316,14.5496 50.0314,14.5502 50.0313,14.5506 50.0313,14.5513 50.0313)
456;3005;VYSTAVNI;75;23960;23435;906;878;LINESTRING(14.5449 50.0331,14.5445 50.0332,14.5443 50.0333,14.5439 50.0334,14.5433 50.0334,14.5423 50.0334,14.5415 50.0333)
457;3007;;82;1802;1613;2;1;LINESTRING(14.5625 50.0355,14.5559 50.0347)
458;3008;;83;2495;1639;0;1;LINESTRING(14.5559 50.0347,14.5558 50.0345,14.5557 50.0344,14.5556 50.0344,14.5550 50.0343,14.5546 50.0343,14.5544 50.0344,14.5542 50.0345,14.5539 50.0346,14.5538 50.0347,14.5537 50.0351,14.5537 50.0352,14.5536 50.0353,14.5534 50.0353,14.5532 50.0354,14.5530 50.0354,14.5529 50.0354,14.5525 50.0352,14.5487 50.0341)
459;3009;;82;2810;1843;0;1;LINESTRING(14.5449 50.0331,14.5450 50.0334,14.5451 50.0335,14.5453 50.0336,14.5455 50.0337,14.5457 50.0338,14.5461 50.0339,14.5464 50.0339,14.5471 50.0340,14.5477 50.0340,14.5487 50.0341)
460;3010;VYSTAVNI;75;24807;23957;909;883;LINESTRING(14.5375 50.0339,14.5389 50.0336,14.5397 50.0334,14.5401 50.0334,14.5407 50.0333,14.5415 50.0333)
461;3011;;81;2281;8649;301;434;LINESTRING(14.5324 50.0566,14.5360 50.0565)
462;3013;;81;2786;9592;361;791;LINESTRING(14.5326 50.0585,14.5324 50.0566)
463;3016;;81;2704;4134;224;281;LINESTRING(14.5326 50.0585,14.5360 50.0584)
464;3017;;81;1257;1399;120;45;LINESTRING(14.5360 50.0584,14.5371 50.0584)
465;3018;;81;3408;7689;365;752;LINESTRING(14.5326 50.0585,14.5328 50.0602)
466;3022;HVIEZDOSLAV.;72;12323;12709;405;367;LINESTRING(14.5129 50.0318,14.5078 50.0312)
467;3024;HVIEZDOSLAV.;72;11118;11907;399;361;LINESTRING(14.5129 50.0318,14.5199 50.0325)
468;3026;HVIEZDOSLAV.;72;8515;9878;380;286;LINESTRING(14.5227 50.0325,14.5199 50.0325)
469;3027;HVIEZDOSLAV.;75;7546;6878;155;178;LINESTRING(14.5227 50.0325,14.5273 50.0337)
470;3029;HVIEZDOSLAV.;75;5488;5619;39;79;LINESTRING(14.5317 50.0354,14.5315 50.0350,14.5313 50.0349,14.5311 50.0348,14.5306 50.0347,14.5273 50.0337)
471;3031;;81;1858;2099;126;294;LINESTRING(14.5219 50.0336,14.5206 50.0356)
472;3032;;81;1858;2099;126;294;LINESTRING(14.5227 50.0325,14.5219 50.0336)
473;3033;U MODR.SKOLY;75;5792;7184;504;561;LINESTRING(14.5227 50.0325,14.5257 50.0292)
474;3039;FORMANSKA;81;9885;9572;121;187;LINESTRING(14.5146 50.0252,14.5149 50.0236,14.5150 50.0234,14.5151 50.0233,14.5152 50.0231,14.5153 50.0230,14.5154 50.0230,14.5159 50.0230,14.5165 50.0231,14.5167 50.0231,14.5168 50.0231,14.5170 50.0229)
475;3040;FORMANSKA;81;5570;4982;101;171;LINESTRING(14.5183 50.0214,14.5170 50.0229)
476;3042;FORMANSKA;81;5523;4973;95;164;LINESTRING(14.5245 50.0181,14.5231 50.0189,14.5221 50.0194,14.5212 50.0199,14.5209 50.0201,14.5183 50.0214)
477;3043;FORMANSKA;81;3951;2543;89;159;LINESTRING(14.5245 50.0181,14.5253 50.0177,14.5260 50.0173,14.5265 50.0170,14.5270 50.0168,14.5277 50.0167,14.5296 50.0167,14.5309 50.0166,14.5342 50.0163)
478;3045;FORMANSKA;81;3300;2481;97;194;LINESTRING(14.5456 50.0140,14.5342 50.0163)
479;3046;FORMANSKA;81;3410;3069;134;285;LINESTRING(14.5456 50.0140,14.5459 50.0138,14.5461 50.0134,14.5461 50.0132,14.5461 50.0130,14.5462 50.0129,14.5464 50.0127)
480;3047;PRATELSTVI;75;18403;23927;961;1809;LINESTRING(14.5893 50.0386,14.5900 50.0384,14.5900 50.0383,14.5912 50.0372,14.5920 50.0364)
481;3049;PRATELSTVI;75;20876;27247;819;1623;LINESTRING(14.6014 50.0297,14.5987 50.0316)
482;3051;PRATELSTVI;75;20528;26709;790;1590;LINESTRING(14.6014 50.0297,14.6031 50.0295)
483;3052;PRATELSTVI;75;17631;23586;751;1574;LINESTRING(14.6072 50.0309,14.6067 50.0307,14.6062 50.0305,14.6055 50.0302,14.6052 50.0299,14.6046 50.0298,14.6038 50.0296,14.6031 50.0295)
484;3053;PRATELSTVI;75;16190;20880;745;1539;LINESTRING(14.6086 50.0314,14.6072 50.0309)
485;3055;PRATELSTVI;75;5958;13967;825;1435;LINESTRING(14.6356 50.0168,14.6329 50.0183)
486;3056;PRATELSTVI;75;7852;13019;849;1195;LINESTRING(14.6356 50.0168,14.6381 50.0154)
487;3058;;75;4370;8150;115;49;LINESTRING(14.6014 50.0297,14.6013 50.0293,14.6020 50.0284)
488;3060;;75;1254;1808;13;48;LINESTRING(14.5990 50.0286,14.5956 50.0278,14.5950 50.0276,14.5937 50.0267)
489;3061;K DALNICI;75;14101;13432;160;303;LINESTRING(14.5837 50.0170,14.5844 50.0171,14.5856 50.0172,14.5861 50.0174,14.5863 50.0176,14.5866 50.0179,14.5870 50.0183,14.5872 50.0187,14.5875 50.0193,14.5876 50.0206,14.5877 50.0215,14.5880 50.0223,14.5886 50.0230,14.5922 50.0257,14.5937 50.0267)
490;3063;ZAMPIONOVA;83;8005;10089;154;219;LINESTRING(14.5837 50.0170,14.5836 50.0173,14.5836 50.0174,14.5836 50.0177,14.5837 50.0180,14.5838 50.0181,14.5838 50.0182,14.5838 50.0183,14.5837 50.0185,14.5835 50.0187,14.5833 50.0188,14.5831 50.0188,14.5829 50.0189,14.5827 50.0191,14.5825 50.0193,14.5823 50.0195,14.5822 50.0197,14.5821 50.0197,14.5820 50.0197,14.5818 50.0198,14.5811 50.0201,14.5802 50.0205,14.5791 50.0212)
491;3064;;83;1862;5416;76;75;LINESTRING(14.5791 50.0212,14.5779 50.0241)
492;3067;STYCHOVA;81;7423;6181;266;176;LINESTRING(14.5590 50.0270,14.5595 50.0262,14.5597 50.0256,14.5601 50.0246,14.5621 50.0235,14.5628 50.0234,14.5635 50.0232,14.5641 50.0232)
493;3068;STYCHOVA;81;7895;7309;270;216;LINESTRING(14.5590 50.0270,14.5586 50.0274,14.5580 50.0279,14.5574 50.0283,14.5565 50.0288,14.5558 50.0291,14.5552 50.0293,14.5543 50.0295,14.5534 50.0297,14.5524 50.0299,14.5520 50.0300,14.5517 50.0302,14.5515 50.0304,14.5513 50.0308,14.5512 50.0310,14.5513 50.0311,14.5513 50.0313)
494;3069;J.BIBRDLIKA;81;2499;2105;37;92;LINESTRING(14.5456 50.0140,14.5457 50.0146,14.5464 50.0157,14.5471 50.0165,14.5478 50.0172,14.5480 50.0174)
495;3071;;81;2816;6810;49;25;LINESTRING(14.6065 50.0156,14.6065 50.0165,14.6063 50.0182,14.6063 50.0186,14.6057 50.0195,14.6048 50.0204,14.6046 50.0208,14.6045 50.0212)
496;3072;;82;2305;4718;40;47;LINESTRING(14.6065 50.0156,14.6065 50.0153,14.6065 50.0150,14.6064 50.0149,14.6065 50.0148,14.6065 50.0146,14.6066 50.0145,14.6065 50.0144,14.6065 50.0143,14.6064 50.0142,14.6062 50.0141)
497;3073;;81;643;3035;85;62;LINESTRING(14.6065 50.0156,14.6075 50.0152,14.6083 50.0148,14.6092 50.0141,14.6097 50.0133,14.6104 50.0126,14.6107 50.0122,14.6117 50.0118,14.6128 50.0114,14.6136 50.0108,14.6138 50.0105,14.6139 50.0099,14.6138 50.0093,14.6137 50.0088,14.6136 50.0082,14.6135 50.0078,14.6134 50.0073,14.6138 50.0067,14.6136 50.0059,14.6137 50.0051,14.6138 50.0044,14.6139 50.0039,14.6140 50.0034,14.6140 50.0030,14.6143 50.0026,14.6149 50.0016,14.6155 50.0009,14.6158 50.0004,14.6162 50.0000,14.6166 49.9997,14.6169 49.9994,14.6177 49.9991)
498;3076;;81;5065;1211;111;1;LINESTRING(14.6295 49.9954,14.6285 49.9962,14.6273 49.9968)
499;3078;;81;1575;2392;35;33;LINESTRING(14.6348 50.0096,14.6318 50.0098,14.6316 50.0097,14.6314 50.0096,14.6312 50.0096,14.6310 50.0096,14.6308 50.0096,14.6307 50.0096,14.6306 50.0096,14.6304 50.0097,14.6301 50.0098,14.6299 50.0099,14.6297 50.0099,14.6296 50.0100,14.6295 50.0101)
500;3079;;81;1222;2396;30;50;LINESTRING(14.6242 50.0123,14.6259 50.0116,14.6272 50.0112,14.6286 50.0111,14.6289 50.0109,14.6291 50.0108,14.6292 50.0107,14.6293 50.0105,14.6294 50.0104,14.6295 50.0102,14.6295 50.0101)
501;3082;;81;1343;1432;10;147;LINESTRING(14.6356 50.0168,14.6323 50.0158)
502;3083;;81;2100;1917;0;2;LINESTRING(14.6329 50.0183,14.6323 50.0158)
503;3087;;81;3418;3832;31;40;LINESTRING(14.6072 50.0309,14.6077 50.0304,14.6078 50.0294,14.6083 50.0279,14.6083 50.0267,14.6094 50.0249)
504;3092;;82;2115;1334;125;113;LINESTRING(14.6529 50.0183,14.6527 50.0180,14.6524 50.0179,14.6520 50.0175,14.6521 50.0174,14.6530 50.0171,14.6533 50.0171,14.6538 50.0173)
505;3094;;82;1442;973;23;43;LINESTRING(14.6687 50.0129,14.6668 50.0132,14.6655 50.0138,14.6642 50.0143,14.6618 50.0150,14.6595 50.0161,14.6561 50.0167,14.6553 50.0173,14.6545 50.0175,14.6538 50.0173)
506;3098;POD JANKOVEM;81;7816;6534;143;233;LINESTRING(14.6152 50.0470,14.6146 50.0457,14.6139 50.0439,14.6139 50.0426,14.6127 50.0402)
507;3102;;81;845;2149;37;34;LINESTRING(14.6273 50.0414,14.6284 50.0406,14.6295 50.0402,14.6307 50.0395,14.6315 50.0384,14.6321 50.0376,14.6331 50.0367)
508;3103;;81;1896;6190;88;86;LINESTRING(14.6289 50.0349,14.6294 50.0354,14.6299 50.0356,14.6307 50.0358,14.6312 50.0359,14.6325 50.0364,14.6331 50.0367)
509;3104;;83;2742;6003;125;117;LINESTRING(14.6353 50.0373,14.6331 50.0367)
510;3108;;81;845;2149;37;34;LINESTRING(14.6277 50.0516,14.6280 50.0511,14.6283 50.0506,14.6283 50.0503,14.6282 50.0500,14.6279 50.0495,14.6277 50.0491,14.6276 50.0486,14.6276 50.0483,14.6274 50.0476,14.6273 50.0465,14.6271 50.0455,14.6271 50.0450,14.6272 50.0444,14.6275 50.0439,14.6278 50.0434,14.6281 50.0431,14.6281 50.0428,14.6281 50.0425,14.6280 50.0420,14.6278 50.0417,14.6273 50.0414)
511;3109;;81;2261;2870;37;34;LINESTRING(14.6277 50.0516,14.6246 50.0523)
512;3110;POD JANKOVEM;81;4941;6534;107;233;LINESTRING(14.6246 50.0523,14.6241 50.0519,14.6235 50.0515,14.6230 50.0510,14.6224 50.0505,14.6220 50.0502,14.6214 50.0500,14.6210 50.0498,14.6204 50.0495,14.6199 50.0493,14.6196 50.0490,14.6194 50.0487,14.6190 50.0484,14.6187 50.0482,14.6184 50.0480)
513;3111;POD JANKOVEM;81;3154;8722;80;264;LINESTRING(14.6286 50.0624,14.6284 50.0621,14.6266 50.0596,14.6252 50.0573,14.6256 50.0559,14.6256 50.0547,14.6255 50.0538,14.6251 50.0529,14.6246 50.0523)
514;3112;PODZAMECKA;81;945;6072;10;109;LINESTRING(14.6451 50.0600,14.6405 50.0603)
515;3120;;82;3764;;107;;LINESTRING(14.6312 50.1180,14.6329 50.1191,14.6334 50.1193,14.6339 50.1196,14.6342 50.1196,14.6344 50.1196,14.6350 50.1198,14.6352 50.1201,14.6353 50.1205,14.6354 50.1207,14.6354 50.1209,14.6354 50.1213,14.6353 50.1215,14.6352 50.1218,14.6352 50.1220,14.6352 50.1226)
516;3121;;82;2604;2186;40;61;LINESTRING(14.6352 50.1226,14.6354 50.1227,14.6359 50.1229,14.6369 50.1231,14.6380 50.1232,14.6385 50.1235,14.6389 50.1237,14.6394 50.1239)
517;3122;;81;8205;3182;122;65;LINESTRING(14.6027 50.1179,14.6026 50.1212)
518;3123;;81;7811;6285;251;93;LINESTRING(14.6035 50.1245,14.6026 50.1212)
519;3285;;83;2340;5508;78;76;LINESTRING(14.5776 50.0332,14.5766 50.0337,14.5741 50.0352,14.5731 50.0358,14.5723 50.0362,14.5717 50.0366)
520;3286;;83;1857;5416;78;76;LINESTRING(14.5776 50.0332,14.5775 50.0323,14.5777 50.0317,14.5781 50.0312)
521;3316;PODEBRADSKA;72;31731;28694;745;516;LINESTRING(14.5313 50.1049,14.5349 50.1058)
522;3320;BROUMARSKA;75;16916;15476;1012;444;LINESTRING(14.5469 50.0942,14.5472 50.0895)
523;3415;;81;1447;2317;116;103;LINESTRING(14.4622 50.0439,14.4624 50.0439,14.4638 50.0445,14.4638 50.0445)
524;3419;NA CHODOVCI;99;4791;4295;175;190;LINESTRING(14.4826 50.0485,14.4818 50.0486)
525;3421;SVEHLOVA;72;22752;19234;416;854;LINESTRING(14.5072 50.0602,14.5071 50.0603,14.5041 50.0609)
526;3550;PODEBRADSKA;72;15275;11541;472;119;LINESTRING(14.5453 50.1067,14.5495 50.1069,14.5499 50.1070,14.5505 50.1071,14.5512 50.1072,14.5519 50.1072,14.5522 50.1072,14.5524 50.1071)
527;3589;;98;3842;1874;293;150;LINESTRING(14.4866 50.0411,14.4866 50.0411,14.4866 50.0409,14.4866 50.0409,14.4866 50.0407)
528;3618;STAROKOLIN.;74;6466;16697;233;768;LINESTRING(14.6594 50.0764,14.6477 50.0785)
529;3625;KUTNOHORSKA;74;10433;21695;844;2291;LINESTRING(14.5635 50.0550,14.5626 50.0558,14.5619 50.0569)
530;3646;PRUMYSLOVA;72;12329;14916;566;820;LINESTRING(14.5363 50.0622,14.5360 50.0584)
531;3649;;75;12282;11112;598;363;LINESTRING(14.4838 50.0462,14.4858 50.0468)
532;3650;NA CHODOVCI;75;8544;7878;356;378;LINESTRING(14.4858 50.0468,14.4850 50.0471,14.4846 50.0472,14.4840 50.0475,14.4835 50.0478,14.4831 50.0481,14.4826 50.0485)
533;3654;RYSAVEHO;72;21147;17657;331;484;LINESTRING(14.4791 50.0382,14.4793 50.0384,14.4795 50.0386,14.4797 50.0387,14.4799 50.0389,14.4804 50.0391,14.4810 50.0393,14.4815 50.0395)
534;3681;;82;6823;6717;169;114;LINESTRING(14.5877 50.1069,14.5892 50.1071,14.5900 50.1070,14.5907 50.1069,14.5912 50.1077,14.5910 50.1081,14.5908 50.1087,14.5913 50.1102)
535;3682;;81;6924;7019;178;65;LINESTRING(14.5913 50.1102,14.5911 50.1106,14.5906 50.1113)
536;3696;;98;559;1299;11;19;LINESTRING(14.5903 50.1033,14.5902 50.1023,14.5900 50.1016,14.5895 50.1010,14.5889 50.1007,14.5874 50.1004)
537;3708;NOVOPACKA;16;70238;61514;8728;7046;LINESTRING(14.6245 50.1283,14.6285 50.1299)
538;3911;LESANSKA;75;9619;8728;313;239;LINESTRING(14.4838 50.0462,14.4854 50.0451,14.4861 50.0446,14.4866 50.0441,14.4879 50.0428)
539;4233;KOLBENOVA;75;20276;18080;1656;902;LINESTRING(14.5434 50.1087,14.5461 50.1086,14.5473 50.1084)
540;4237;PODEBRADSKA;72;36065;29429;1045;1005;LINESTRING(14.5280 50.1042,14.5313 50.1049)
541;4277;;81;2719;2653;61;53;LINESTRING(14.5493 50.1033,14.5487 50.1031,14.5481 50.1031,14.5478 50.1031,14.5475 50.1033,14.5470 50.1046,14.5466 50.1051,14.5441 50.1058)
542;4333;;81;15892;16542;1487;906;LINESTRING(14.5644 50.1200,14.5667 50.1235)
543;4339;;81;1999;1863;130;143;LINESTRING(14.5632 50.0902,14.5633 50.0900,14.5631 50.0894,14.5630 50.0890,14.5630 50.0886)
544;4342;;81;1658;1102;96;149;LINESTRING(14.5382 50.0828,14.5444 50.0827)
545;4374;HORNOMECHOL.;75;12859;11474;197;373;LINESTRING(14.5432 50.0487,14.5427 50.0488,14.5420 50.0490,14.5411 50.0492,14.5401 50.0495,14.5392 50.0497,14.5383 50.0500,14.5374 50.0503,14.5365 50.0509,14.5357 50.0513,14.5351 50.0515)
546;4382;V KORYTECH;75;21493;16451;627;397;LINESTRING(14.4932 50.0649,14.4939 50.0645,14.4940 50.0643,14.4941 50.0640,14.4942 50.0638,14.4943 50.0637,14.4944 50.0634,14.4943 50.0629,14.4943 50.0627)
547;4384;;82;3770;2736;276;300;LINESTRING(14.4695 50.0614,14.4712 50.0616)
548;4428;K SEBEROVU;75;14054;14130;234;177;LINESTRING(14.5188 49.9948,14.5185 49.9952,14.5179 49.9963,14.5176 49.9971,14.5175 49.9974)
549;4486;VE ZLIBKU;75;12728;12940;1508;1536;LINESTRING(14.6244 50.1224,14.6241 50.1232,14.6230 50.1253)
550;4492;DO RICAN;81;7277;9459;116;165;LINESTRING(14.6036 50.0782,14.6027 50.0751,14.5997 50.0666,14.5995 50.0664,14.5992 50.0662,14.5978 50.0657,14.5966 50.0654,14.5950 50.0650)
551;4516;K HORKAM;74;21427;22960;628;651;LINESTRING(14.5137 50.0424,14.5131 50.0422,14.5126 50.0419,14.5122 50.0415,14.5117 50.0411,14.5114 50.0408)
552;4558;;81;5632;4404;51;39;LINESTRING(14.5824 50.0886,14.5842 50.0896,14.5847 50.0901,14.5854 50.0906)
553;4576;;81;3915;5119;253;115;LINESTRING(14.6035 50.1245,14.5943 50.1230,14.5918 50.1228,14.5888 50.1228,14.5865 50.1231,14.5849 50.1231,14.5836 50.1229)
554;4585;KUNR.SPOJKA;75;21208;14077;1292;368;LINESTRING(14.4849 49.9987,14.4838 49.9985,14.4815 49.9984,14.4797 49.9983,14.4776 49.9983,14.4761 49.9983)
555;4604;;99;2275;2512;36;18;LINESTRING(14.4704 50.0417,14.4703 50.0416,14.4700 50.0415,14.4697 50.0415,14.4693 50.0413)
556;4605;;97;25276;22069;1175;1319;LINESTRING(14.4701 50.0411,14.4703 50.0410,14.4704 50.0407)
557;4606;;99;3632;4500;240;231;LINESTRING(14.4704 50.0417,14.4703 50.0416,14.4701 50.0415,14.4701 50.0414,14.4701 50.0413,14.4701 50.0411)
558;4639;;96;4931;4485;236;176;LINESTRING(14.4785 50.0509,14.4790 50.0509,14.4794 50.0508,14.4796 50.0506,14.4797 50.0504,14.4795 50.0502,14.4793 50.0501,14.4790 50.0500)
559;4659;D1;11;107652;111309;5524;17047;LINESTRING(14.5510 50.0081,14.5624 50.0061)
560;4666;VIDENSKA;27;22281;25713;2267;1665;LINESTRING(14.4904 49.9910,14.4886 49.9935)
561;4669;;29;15780;11322;1746;1357;LINESTRING(14.5403 49.9708,14.5450 49.9717,14.5462 49.9721,14.5515 49.9749)
562;4671;;27;11379;7866;1899;1139;LINESTRING(14.5888 49.9749,14.5926 49.9759,14.5957 49.9757,14.6002 49.9750)
563;4677;;29;5333;10059;87;869;LINESTRING(14.5148 49.9675,14.5179 49.9655)
564;4690;;29;25038;22483;2356;1518;LINESTRING(14.5209 49.9636,14.5252 49.9610)
565;4876;D11;11;67394;61576;11389;11910;LINESTRING(14.6584 50.1138,14.6623 50.1151,14.6695 50.1176,14.6723 50.1187,14.6782 50.1201,14.6842 50.1212,14.6897 50.1219,14.6962 50.1222,14.7028 50.1225)
566;4891;;27;13244;13988;1292;1027;LINESTRING(14.6728 50.1226,14.6917 50.1255)
567;4892;;27;17524;15681;1487;737;LINESTRING(14.6595 50.1204,14.6728 50.1226)
568;4895;;27;12356;11085;731;1724;LINESTRING(14.6963 50.1358,14.6965 50.1343,14.6986 50.1305)
569;4896;;29;8485;10434;203;721;LINESTRING(14.6989 50.1264,14.6994 50.1226,14.6993 50.1196,14.6973 50.1161)
570;4938;;22;7213;17412;101;869;LINESTRING(14.7001 50.0723,14.7035 50.0720)
571;4939;;22;4958;14342;125;948;LINESTRING(14.7035 50.0720,14.7116 50.0706,14.7209 50.0685,14.7228 50.0684)
572;4940;;22;5402;14492;153;977;LINESTRING(14.7228 50.0684,14.7294 50.0684,14.7330 50.0693)
573;4963;;29;8010;9030;135;644;LINESTRING(14.6990 50.1156,14.6973 50.1161)
574;4964;;29;6167;7677;108;621;LINESTRING(14.7077 50.1047,14.7120 50.1007,14.7121 50.1002,14.7123 50.0989,14.7132 50.0972,14.7142 50.0967,14.7156 50.0961,14.7171 50.0941)
575;4967;;27;7359;10959;178;900;LINESTRING(14.7330 50.0693,14.7357 50.0666)
576;4970;;29;1057;7234;6;816;LINESTRING(14.7109 50.0405,14.7156 50.0428)
577;4971;;27;729;7235;5;815;LINESTRING(14.7109 50.0405,14.7065 50.0395,14.7033 50.0393,14.7001 50.0399,14.6961 50.0401,14.6946 50.0394,14.6919 50.0392,14.6894 50.0385,14.6872 50.0377)
578;4972;;27;764;7420;6;830;LINESTRING(14.6774 50.0346,14.6786 50.0352,14.6828 50.0364,14.6859 50.0372)
579;4975;;27;15306;15350;463;1509;LINESTRING(14.6687 50.0129,14.6685 50.0104)
580;4976;I/2;24;19543;14381;1865;1987;LINESTRING(14.6579 50.0044,14.6616 50.0023)
581;4977;I/2;24;25079;23131;1641;1634;LINESTRING(14.6675 49.9993,14.6650 50.0001,14.6643 50.0006)
582;5014;;27;21694;23828;1229;2924;LINESTRING(14.6461 49.9921,14.6490 49.9955)
583;5015;;27;21425;23398;749;2392;LINESTRING(14.6490 49.9955,14.6498 49.9965,14.6506 49.9976,14.6518 49.9982,14.6532 49.9985,14.6551 49.9985,14.6577 49.9987)
584;5016;;29;24282;26569;991;3016;LINESTRING(14.6577 49.9987,14.6619 50.0009)
585;5018;;29;12332;10984;314;642;LINESTRING(14.6559 49.9742,14.6608 49.9717)
586;5567;;31;9978;10128;218;350;LINESTRING(14.6816 50.1082,14.6808 50.1065,14.6801 50.1054,14.6784 50.1043,14.6756 50.1020)
587;5570;;30;11614;11270;218;370;LINESTRING(14.6728 50.1226,14.6801 50.1127,14.6810 50.1118)
588;5625;;30;5930;6100;194;635;LINESTRING(14.4984 49.9795,14.5026 49.9803,14.5046 49.9805,14.5073 49.9808,14.5086 49.9809)
589;5626;;30;6980;4752;38;142;LINESTRING(14.5217 49.9874,14.5190 49.9868,14.5187 49.9867,14.5184 49.9864,14.5181 49.9862,14.5140 49.9861,14.5138 49.9860,14.5137 49.9857,14.5138 49.9852,14.5138 49.9849,14.5091 49.9826,14.5092 49.9814,14.5086 49.9809)
590;5627;;30;13838;14031;234;177;LINESTRING(14.5217 49.9874,14.5201 49.9914)
591;5635;;30;2604;2186;40;61;LINESTRING(14.6394 50.1239,14.6479 50.1273,14.6510 50.1285,14.6545 50.1294,14.6593 50.1309,14.6608 50.1328)
592;5683;;33;3714;2546;0;0;LINESTRING(14.7323 50.0722,14.7312 50.0731,14.7307 50.0737,14.7304 50.0739,14.7283 50.0732)
593;5684;;31;3933;2918;139;121;LINESTRING(14.7330 50.0693,14.7327 50.0708)
594;5685;;31;4319;2634;155;129;LINESTRING(14.7312 50.0469,14.7319 50.0465,14.7329 50.0458,14.7338 50.0456,14.7352 50.0457,14.7372 50.0451,14.7382 50.0449)
595;5686;;30;2711;1456;87;61;LINESTRING(14.7620 50.0362,14.7556 50.0388)
596;5704;;30;4771;7642;93;119;LINESTRING(14.5294 50.0005,14.5334 49.9995)
597;5707;;31;3058;5195;4;51;LINESTRING(14.5830 50.0036,14.5811 50.0036,14.5799 50.0036,14.5763 50.0027)
598;5709;;31;12056;9402;413;304;LINESTRING(14.5800 49.9820,14.5829 49.9828,14.5853 49.9837,14.5870 49.9855)
599;5711;;31;3481;2063;198;122;LINESTRING(14.5985 49.9699,14.5980 49.9700,14.5971 49.9701,14.5925 49.9712)
600;5871;;31;10023;7278;367;190;LINESTRING(14.5800 49.9820,14.5788 49.9818,14.5778 49.9817,14.5761 49.9826)
601;5982;;27;16060;19339;1264;2880;LINESTRING(14.6989 50.1264,14.7030 50.1270)
602;5984;;27;17683;14412;2042;2768;LINESTRING(14.7030 50.1270,14.7037 50.1237)
603;5997;;30;6101;5495;122;255;LINESTRING(14.6728 50.1226,14.6719 50.1246,14.6709 50.1260,14.6691 50.1270,14.6678 50.1280)
604;6013;;80;10847;13545;1012;2019;LINESTRING(14.5382 50.0828,14.5258 50.0831)
605;6035;JIZNI SPOJKA;51;52401;46864;3057;8891;LINESTRING(14.5220 50.0675,14.5196 50.0667)
606;6152;FORMANSKA;81;2642;2687;137;169;LINESTRING(14.5465 50.0087,14.5465 50.0105,14.5473 50.0118,14.5464 50.0127)
607;6153;;81;2441;4700;41;25;LINESTRING(14.6062 50.0141,14.6033 50.0121,14.6018 50.0094)
608;6155;;81;4249;3633;65;199;LINESTRING(14.6468 49.9987,14.6431 50.0012,14.6409 50.0033,14.6408 50.0039,14.6414 50.0052,14.6411 50.0058,14.6404 50.0061,14.6395 50.0062,14.6386 50.0060,14.6376 50.0061,14.6369 50.0066,14.6358 50.0086,14.6348 50.0096)
609;6156;;83;23;2176;0;23;LINESTRING(14.5920 50.0364,14.5922 50.0367,14.5922 50.0368,14.5920 50.0371,14.5915 50.0379,14.5903 50.0391)
610;12833;;81;1862;3089;378;393;LINESTRING(14.4558 50.0348,14.4552 50.0349,14.4535 50.0351,14.4529 50.0351,14.4521 50.0351,14.4519 50.0350)
611;12861;OPATOVSKA;72;14525;12290;507;179;LINESTRING(14.5334 50.0315,14.5358 50.0331)
612;12929;KOLBENOVA;75;21862;19697;1564;930;LINESTRING(14.5434 50.1087,14.5409 50.1089,14.5378 50.1092)
613;12930;;83;1851;1666;172;75;LINESTRING(14.5436 50.1078,14.5434 50.1087)
614;12931;;83;2583;2678;104;140;LINESTRING(14.5438 50.1066,14.5436 50.1078)
615;12956;DOLNOMECHOL.;81;4527;5392;106;59;LINESTRING(14.5904 50.0624,14.5840 50.0616,14.5827 50.0614,14.5820 50.0614,14.5815 50.0614,14.5809 50.0614,14.5804 50.0616,14.5797 50.0618,14.5788 50.0618,14.5783 50.0618,14.5771 50.0618,14.5766 50.0618,14.5761 50.0617,14.5747 50.0613,14.5739 50.0611,14.5734 50.0610,14.5728 50.0609,14.5722 50.0609,14.5712 50.0610,14.5698 50.0611,14.5695 50.0611)
616;12977;LIBUSSKA;75;17197;17861;581;415;LINESTRING(14.4572 50.0139,14.4597 50.0108)
617;13014;D1;11;88009;89770;5693;17015;LINESTRING(14.5676 50.0042,14.5692 50.0037,14.5836 49.9956,14.5881 49.9932)
618;13152;;27;18418;13391;1742;1371;LINESTRING(14.5403 49.9708,14.5320 49.9696)
619;13155;;27;7186;12098;87;1072;LINESTRING(14.5179 49.9655,14.5209 49.9636)
620;13221;;29;12332;10984;314;642;LINESTRING(14.6559 49.9742,14.6570 49.9781,14.6568 49.9794,14.6555 49.9817,14.6551 49.9835,14.6550 49.9863,14.6571 49.9916)
621;13325;;31;5789;9739;79;220;LINESTRING(14.6020 49.9953,14.5989 49.9943)
622;13326;;30;1033;672;37;9;LINESTRING(14.6018 50.0094,14.6019 50.0079,14.6024 50.0064,14.6036 50.0005,14.6039 49.9962)
623;13327;;30;4754;4063;570;629;LINESTRING(14.6468 49.9987,14.6480 49.9979,14.6485 49.9973,14.6490 49.9955)
624;13339;;31;3159;2593;71;37;LINESTRING(14.7020 50.0033,14.7031 50.0014,14.7050 49.9979)
625;13340;;27;8915;8941;239;875;LINESTRING(14.7357 50.0666,14.7367 50.0654,14.7357 50.0622,14.7355 50.0613)
626;13341;;30;711;943;5;6;LINESTRING(14.7019 50.0572,14.7052 50.0559,14.7066 50.0550,14.7073 50.0547,14.7101 50.0546,14.7118 50.0548,14.7282 50.0502,14.7287 50.0498,14.7285 50.0482,14.7289 50.0477)
627;13344;;82;897;2147;4;15;LINESTRING(14.6529 50.0183,14.6536 50.0188,14.6534 50.0194,14.6528 50.0202,14.6526 50.0209,14.6537 50.0216,14.6557 50.0222,14.6562 50.0235,14.6572 50.0246,14.6583 50.0258,14.6598 50.0271)
628;13345;;31;897;2147;4;15;LINESTRING(14.6598 50.0271,14.6614 50.0281,14.6629 50.0292,14.6640 50.0300,14.6653 50.0306)
629;13346;;30;603;1978;38;28;LINESTRING(14.6585 50.0376,14.6620 50.0371,14.6639 50.0366,14.6654 50.0360,14.6670 50.0352)
630;13347;;31;1127;1055;46;81;LINESTRING(14.7382 50.0449,14.7417 50.0451,14.7488 50.0466,14.7500 50.0472,14.7512 50.0482,14.7538 50.0491,14.7602 50.0520,14.7608 50.0534)
631;13368;;31;4469;4260;101;265;LINESTRING(14.6608 50.1328,14.6678 50.1280)
632;13559;;31;365;1217;38;17;LINESTRING(14.6719 50.0310,14.6728 50.0298,14.6737 50.0290,14.6758 50.0280,14.6832 50.0226)
633;13561;;30;3428;2640;71;31;LINESTRING(14.7020 50.0033,14.6989 50.0039,14.6973 50.0050,14.6943 50.0060,14.6938 50.0073,14.6915 50.0116,14.6901 50.0137)
634;13563;;29;1129;8038;44;819;LINESTRING(14.6719 50.0310,14.6688 50.0309)
635;13564;;31;4173;8905;97;646;LINESTRING(14.6688 50.0309,14.6678 50.0331)
636;13569;;31;4109;8089;61;183;LINESTRING(14.6020 49.9953,14.6047 49.9932)
637;13570;;30;13053;1211;340;1;LINESTRING(14.6295 49.9954,14.6333 49.9959,14.6341 49.9960,14.6358 49.9955,14.6371 49.9952,14.6386 49.9950,14.6400 49.9943,14.6430 49.9929,14.6461 49.9921)
638;13587;;31;1033;672;37;9;LINESTRING(14.6020 49.9953,14.6039 49.9962)
639;13588;;30;2074;3442;8;51;LINESTRING(14.5837 50.0021,14.5845 50.0016,14.5854 50.0009,14.5859 50.0003,14.5864 49.9995,14.5871 49.9989,14.5881 49.9985,14.5904 49.9980)
640;13589;;30;4109;8089;61;183;LINESTRING(14.6198 49.9877,14.6176 49.9878,14.6166 49.9879,14.6136 49.9889,14.6081 49.9915,14.6060 49.9923,14.6047 49.9932)
641;13645;;31;3237;2194;148;73;LINESTRING(14.7407 50.1092,14.7408 50.1084,14.7412 50.1078,14.7413 50.1063)
642;13647;;31;1944;1406;27;37;LINESTRING(14.7413 50.1063,14.7395 50.1055)
643;13648;;31;999;652;69;59;LINESTRING(14.7323 50.0722,14.7359 50.0724,14.7371 50.0731)
644;13651;;31;1413;875;81;38;LINESTRING(14.7720 50.0561,14.7608 50.0534)
645;13696;;27;1657;15947;9;1601;LINESTRING(14.7299 50.1307,14.7277 50.1305)
646;13726;;30;3429;2017;125;81;LINESTRING(14.7382 50.0449,14.7556 50.0388)
647;13749;;29;8061;12715;601;1749;LINESTRING(14.5148 49.9675,14.5127 49.9684)
648;13896;;31;3942;9246;81;629;LINESTRING(14.6670 50.0352,14.6678 50.0331)
649;13898;;29;12942;14809;259;661;LINESTRING(14.6594 49.9943,14.6575 49.9930,14.6574 49.9928,14.6574 49.9923,14.6571 49.9916)
650;13908;;30;5789;9739;79;220;LINESTRING(14.5989 49.9943,14.5981 49.9952,14.5974 49.9955,14.5915 49.9978,14.5904 49.9980)
651;13909;;31;5322;6657;131;231;LINESTRING(14.5511 50.0004,14.5523 50.0006,14.5541 50.0005,14.5550 50.0008,14.5560 50.0016,14.5566 50.0016,14.5573 50.0014,14.5581 50.0015,14.5589 50.0016,14.5604 50.0016,14.5614 50.0017)
652;13910;;31;2642;2687;137;169;LINESTRING(14.5465 50.0087,14.5464 50.0069)
653;13912;;31;2673;2391;590;74;LINESTRING(14.5888 49.9749,14.5900 49.9727,14.5913 49.9717,14.5925 49.9712)
654;13938;;33;3121;2707;0;0;LINESTRING(14.7242 50.0733,14.7283 50.0732)
655;13939;;29;6982;8071;108;621;LINESTRING(14.7077 50.1047,14.7072 50.1054,14.7061 50.1075,14.7028 50.1104,14.7025 50.1135)
656;13940;;31;11625;12570;260;449;LINESTRING(14.6816 50.1082,14.6810 50.1118)
657;13941;;29;13014;8760;481;862;LINESTRING(14.7312 50.0469,14.7331 50.0482)
658;13942;;29;764;7420;6;830;LINESTRING(14.6872 50.0377,14.6859 50.0372)
659;15214;;30;530;5478;7;23;LINESTRING(14.6451 50.0600,14.6675 50.0584)
660;15216;;33;3398;7321;43;560;LINESTRING(14.6707 50.0549,14.6698 50.0544,14.6668 50.0535,14.6659 50.0531)
661;15218;;30;5981;7522;104;316;LINESTRING(14.6667 50.0639,14.6675 50.0584)
662;15249;PRUMYSLOVA;63;49499;47828;3177;4498;LINESTRING(14.5379 50.0769,14.5376 50.0734)
663;15253;;99;1310;610;323;166;LINESTRING(14.5395 50.0729,14.5376 50.0734)
664;15255;STERB.SPOJKA;53;87048;82517;7190;17595;LINESTRING(14.5395 50.0729,14.5439 50.0743,14.5479 50.0761)
665;15256;STERB.SPOJKA;53;84422;79107;7345;17339;LINESTRING(14.5656 50.0779,14.5684 50.0775,14.5703 50.0772,14.5757 50.0769,14.5816 50.0767,14.5854 50.0763)
666;15257;;75;15394;8834;509;145;LINESTRING(14.5680 50.0783,14.5677 50.0781,14.5667 50.0774,14.5658 50.0767)
667;15258;NAROD.HRDINU;75;19308;12073;264;206;LINESTRING(14.5739 50.0824,14.5707 50.0811,14.5680 50.0783)
668;15259;STERB.SPOJKA;94;26318;79107;2418;17339;LINESTRING(14.5920 50.0780,14.5913 50.0772)
669;15260;STERB.SPOJKA;45;126875;71989;23971;16851;LINESTRING(14.5929 50.0808,14.5920 50.0780)
670;15263;;99;9486;5180;398;140;LINESTRING(14.5656 50.0779,14.5662 50.0781,14.5665 50.0782,14.5667 50.0784,14.5670 50.0786,14.5673 50.0786,14.5675 50.0785,14.5678 50.0784,14.5680 50.0783)
671;15264;;99;9330;3442;323;138;LINESTRING(14.5656 50.0779,14.5652 50.0776,14.5651 50.0773,14.5655 50.0770,14.5658 50.0767)
672;15296;I/2;24;20108;19700;1640;1632;LINESTRING(14.6763 49.9967,14.6675 49.9993)
673;15461;POD CHODOVEM;72;25221;22904;786;851;LINESTRING(14.4931 50.0351,14.4924 50.0346)
674;15646;;81;11725;10550;678;225;LINESTRING(14.5552 50.0725,14.5547 50.0733,14.5533 50.0769,14.5525 50.0786,14.5525 50.0799,14.5521 50.0814,14.5519 50.0824,14.5517 50.0826)
675;15685;;81;5846;4965;3;11;LINESTRING(14.5379 50.0769,14.5400 50.0768)
676;15734;OBCHODNI CCM;72;22289;14873;529;307;LINESTRING(14.5880 50.1059,14.5890 50.1037,14.5890 50.1034,14.5890 50.1033)
677;15758;J.BIBRDLIKA;81;2426;2089;36;88;LINESTRING(14.5590 50.0270,14.5584 50.0268,14.5581 50.0266,14.5578 50.0262,14.5575 50.0258,14.5567 50.0254,14.5561 50.0251,14.5553 50.0245,14.5548 50.0241,14.5541 50.0233,14.5535 50.0228,14.5530 50.0225,14.5527 50.0223,14.5519 50.0220,14.5510 50.0218,14.5497 50.0213,14.5492 50.0212,14.5485 50.0210,14.5483 50.0203,14.5480 50.0193,14.5478 50.0186,14.5477 50.0183,14.5478 50.0181,14.5479 50.0178,14.5480 50.0176,14.5480 50.0174)
678;15765;VIDENSKA;75;22277;25710;2267;1665;LINESTRING(14.4853 49.9981,14.4886 49.9935)
679;15821;NACHODSKA;74;22171;24224;1116;594;LINESTRING(14.5943 50.1123,14.5928 50.1119)
680;15824;NACHODSKA;75;11830;15681;705;737;LINESTRING(14.6373 50.1183,14.6445 50.1185,14.6457 50.1186)
681;15854;;83;30;62;0;20;LINESTRING(14.6177 49.9991,14.6196 50.0005,14.6200 50.0013,14.6205 50.0021,14.6231 50.0048,14.6250 50.0058,14.6263 50.0076,14.6267 50.0104,14.6288 50.0096,14.6295 50.0101)
682;15856;;81;4370;8150;115;49;LINESTRING(14.6020 50.0284,14.6022 50.0272,14.6025 50.0261,14.6026 50.0255,14.6028 50.0250,14.6032 50.0244,14.6037 50.0236)
683;15857;;81;182;44;18;12;LINESTRING(14.6045 50.0212,14.6013 50.0199)
684;16373;D1;11;97546;100297;5548;16992;LINESTRING(14.5624 50.0061,14.5676 50.0042)
685;16900;;32;17660;20209;420;360;LINESTRING(14.5671 50.0067,14.5637 50.0044)
686;16903;;33;9719;10703;169;269;LINESTRING(14.5614 50.0017,14.5613 50.0023,14.5625 50.0035,14.5631 50.0040,14.5637 50.0044)
687;16904;;93;13680;14772;293;374;LINESTRING(14.5624 50.0061,14.5632 50.0066,14.5654 50.0068,14.5671 50.0067)
688;16905;;93;16878;17008;437;393;LINESTRING(14.5637 50.0044,14.5649 50.0040,14.5658 50.0037,14.5664 50.0036,14.5669 50.0037,14.5676 50.0042)
689;16906;;32;11072;13480;296;353;LINESTRING(14.5681 50.0075,14.5671 50.0067)
690;16924;;29;3905;13533;61;1404;LINESTRING(14.6688 50.0309,14.6673 50.0309,14.6655 50.0307,14.6653 50.0306)
691;16925;;27;3008;11386;57;1390;LINESTRING(14.6653 50.0306,14.6668 50.0277,14.6686 50.0262,14.6706 50.0222,14.6696 50.0208,14.6695 50.0186)
692;16948;POD VISNOVK.;75;21595;16889;498;288;LINESTRING(14.4512 50.0281,14.4504 50.0296)
693;16956;;81;9236;5329;599;207;LINESTRING(14.5748 50.1098,14.5744 50.1110)
694;16957;;81;10655;3302;205;127;LINESTRING(14.5772 50.1100,14.5771 50.1112)
695;16958;;81;9251;3249;170;62;LINESTRING(14.5810 50.1104,14.5793 50.1102)
696;16959;;99;8230;13447;201;188;LINESTRING(14.5810 50.1104,14.5811 50.1099)
697;16985;;99;980;1221;88;94;LINESTRING(14.5261 50.0456,14.5262 50.0452,14.5258 50.0450,14.5248 50.0450)
698;16986;;99;879;1184;95;97;LINESTRING(14.5223 50.0464,14.5239 50.0469)
699;16993;CESKOBRODSKA;75;12320;23765;388;890;LINESTRING(14.6240 50.0801,14.6210 50.0804)
700;16995;NOVOSIBRIN.;74;7070;19309;90;852;LINESTRING(14.6647 50.0755,14.6623 50.0759)
701;16997;;81;5266;4186;123;316;LINESTRING(14.6659 50.0707,14.6659 50.0675)
702;17005;VIDENSKA;75;22582;26002;2229;1672;LINESTRING(14.4849 49.9987,14.4853 49.9981)
703;17071;RAMPY;99;6930;8868;174;169;LINESTRING(14.4520 50.0484,14.4509 50.0488,14.4498 50.0491)
704;17081;;61;73165;72094;1721;1432;LINESTRING(14.4547 50.0466,14.4539 50.0470,14.4511 50.0484)
705;17082;;98;10847;10080;233;175;LINESTRING(14.4547 50.0466,14.4534 50.0478)
706;17088;;76;2205;2002;27;22;LINESTRING(14.4575 50.0501,14.4588 50.0502)
707;17093;MICHELSKA;72;18846;20642;715;614;LINESTRING(14.4598 50.0486,14.4603 50.0473)
708;17112;SVEHLOVA;72;26473;26120;359;783;LINESTRING(14.5181 50.0543,14.5194 50.0537)
709;17114;;75;1891;1372;138;171;LINESTRING(14.5377 50.0686,14.5403 50.0688,14.5403 50.0688)
710;17116;;81;369;219;205;176;LINESTRING(14.5421 50.0690,14.5414 50.0693,14.5410 50.0694,14.5373 50.0691,14.5338 50.0686,14.5307 50.0683)
711;17117;;75;16135;14222;639;882;LINESTRING(14.5325 50.0623,14.5273 50.0624,14.5262 50.0640,14.5259 50.0645,14.5255 50.0648,14.5250 50.0651,14.5245 50.0652)
712;17123;;81;1762;8835;199;482;LINESTRING(14.5400 50.0564,14.5435 50.0563,14.5439 50.0561,14.5472 50.0566,14.5541 50.0582,14.5568 50.0583,14.5574 50.0585)
713;17125;;81;4344;8257;484;850;LINESTRING(14.5328 50.0602,14.5328 50.0603,14.5329 50.0607,14.5334 50.0615,14.5339 50.0622)
714;17128;RAMPA S.SPOJ;98;15898;12863;2002;1950;LINESTRING(14.5393 50.0712,14.5396 50.0717,14.5396 50.0722)
715;17131;PRUMYSLOVA;72;50060;45652;4033;4983;LINESTRING(14.5374 50.0721,14.5376 50.0734)
716;17133;PRUMYSLOVA;72;14516;15629;990;1244;LINESTRING(14.5365 50.0650,14.5363 50.0622)
717;17134;PRUMYSLOVA;72;16325;17796;1237;1556;LINESTRING(14.5374 50.0650,14.5376 50.0669)
718;17135;;81;1774;1170;188;209;LINESTRING(14.5365 50.0650,14.5374 50.0650)
719;17163;;81;4868;1563;25;24;LINESTRING(14.6035 50.1245,14.6044 50.1284)
720;17166;NA PADESATEM;72;16590;15375;385;656;LINESTRING(14.5085 50.0705,14.5085 50.0697,14.5082 50.0687,14.5075 50.0676)
721;17192;;27;18080;21410;3367;3812;LINESTRING(14.6185 49.9740,14.6130 49.9727)
722;17193;;93;13386;17501;2927;3121;LINESTRING(14.6130 49.9727,14.6126 49.9750)
723;17194;;93;12521;14116;2498;2840;LINESTRING(14.6185 49.9740,14.6179 49.9743,14.6138 49.9751)
724;17195;;81;13042;10986;67;60;LINESTRING(14.4852 50.0135,14.4854 50.0140)
725;17196;;81;13690;12031;99;199;LINESTRING(14.4917 50.0217,14.4907 50.0207)
726;17197;;81;12983;11095;34;20;LINESTRING(14.4907 50.0207,14.4901 50.0200,14.4898 50.0197,14.4900 50.0191)
727;17198;;81;12890;10944;34;20;LINESTRING(14.4900 50.0191,14.4902 50.0188,14.4900 50.0186,14.4898 50.0183,14.4896 50.0181,14.4895 50.0177,14.4887 50.0164,14.4878 50.0160,14.4866 50.0149)
728;17203;;81;12877;10928;50;33;LINESTRING(14.4854 50.0140,14.4856 50.0140,14.4866 50.0149)
729;17245;;80;11007;10521;468;498;LINESTRING(14.4858 50.0468,14.4878 50.0473)
730;17246;;81;3795;3662;0;0;LINESTRING(14.4917 50.0480,14.4914 50.0488)
731;17247;;83;3986;3853;0;0;LINESTRING(14.4914 50.0488,14.4939 50.0495,14.4946 50.0500)
732;17248;;80;2280;1743;5;98;LINESTRING(14.4917 50.0480,14.4902 50.0478,14.4891 50.0476,14.4878 50.0473)
733;17269;;98;1590;1124;119;141;LINESTRING(14.5363 50.0679,14.5366 50.0669)
734;17272;;81;2779;3091;96;211;LINESTRING(14.5085 50.0705,14.5072 50.0706,14.5052 50.0707)
735;17274;;81;6012;5127;0;1;LINESTRING(14.5115 50.0696,14.5118 50.0705)
736;17305;;75;11108;;43;;LINESTRING(14.5364 50.0541,14.5383 50.0539,14.5389 50.0536,14.5394 50.0535,14.5405 50.0533,14.5422 50.0533,14.5426 50.0534)
737;17306;;81;1593;902;2;2;LINESTRING(14.5322 50.0549,14.5348 50.0549,14.5354 50.0546,14.5369 50.0546,14.5379 50.0548,14.5440 50.0546,14.5447 50.0545,14.5465 50.0542)
738;17307;;83;1586;963;4;4;LINESTRING(14.5426 50.0534,14.5443 50.0536,14.5455 50.0538,14.5465 50.0542)
739;17326;RAMPA S.SPOJ;99;28286;23272;2647;3143;LINESTRING(14.5395 50.0729,14.5396 50.0722)
740;17327;;99;12387;10409;646;1193;LINESTRING(14.5396 50.0722,14.5394 50.0719,14.5392 50.0717,14.5388 50.0716,14.5386 50.0716,14.5383 50.0715,14.5379 50.0716,14.5376 50.0717,14.5375 50.0719,14.5374 50.0721)
741;17342;;81;1447;2317;116;103;LINESTRING(14.4638 50.0445,14.4642 50.0451,14.4644 50.0453)
742;17346;D11;11;61301;57270;10989;11757;LINESTRING(14.7065 50.1227,14.7028 50.1225)
743;17347;;93;9398;7216;869;1356;LINESTRING(14.7065 50.1227,14.7062 50.1231,14.7061 50.1236,14.7050 50.1238,14.7037 50.1237)
744;17348;;93;9498;8007;1172;1412;LINESTRING(14.7028 50.1225,14.7027 50.1219,14.7034 50.1214,14.7043 50.1215,14.7047 50.1216)
745;17351;U PLYNARNY;75;17555;14903;431;322;LINESTRING(14.4590 50.0564,14.4603 50.0568,14.4616 50.0567,14.4626 50.0564,14.4634 50.0564,14.4657 50.0567)
746;17354;CHODOVSKA;72;40282;36092;1416;1255;LINESTRING(14.4721 50.0553,14.4724 50.0545,14.4727 50.0541,14.4729 50.0539,14.4731 50.0537,14.4734 50.0535,14.4739 50.0533,14.4743 50.0530,14.4748 50.0527)
747;17374;STAROKOLIN.;74;11974;17985;331;628;LINESTRING(14.6262 50.0801,14.6280 50.0802,14.6303 50.0802)
748;17384;;81;16123;12989;362;209;LINESTRING(14.5810 50.1104,14.5826 50.1107)
749;17404;CHODOVSKA;72;36638;32835;1374;1149;LINESTRING(14.4712 50.0570,14.4717 50.0560,14.4721 50.0553)
750;17407;U PLYNARNY;75;18137;15096;398;403;LINESTRING(14.4693 50.0569,14.4682 50.0569,14.4670 50.0568,14.4657 50.0567)
751;17531;PRAZ.OKRUH;47;98331;75526;22038;16917;LINESTRING(14.5879 50.1116,14.5883 50.1154)
752;17533;NOVOPACKA;16;83166;74581;12433;9728;LINESTRING(14.5961 50.1211,14.6010 50.1222,14.6054 50.1231)
753;17534;;81;21124;12204;1554;482;LINESTRING(14.5631 50.1181,14.5644 50.1200)
754;17535;;81;7972;8043;416;87;LINESTRING(14.5609 50.1151,14.5631 50.1181)
755;17536;;94;19035;14568;6194;4988;LINESTRING(14.5872 50.1174,14.5876 50.1170,14.5880 50.1166)
756;17538;D0 Prazsky okruh;47;51584;39127;11064;8481;LINESTRING(14.5883 50.1154,14.5888 50.1182,14.5893 50.1206)
757;17540;;53;55454;52750;7653;6280;LINESTRING(14.5961 50.1211,14.5912 50.1199)
758;17541;;53;49129;44733;9417;8031;LINESTRING(14.5836 50.1180,14.5884 50.1192,14.5912 50.1199)
759;17544;NOVOPACKA;53;68164;59301;15611;13018;LINESTRING(14.5654 50.1188,14.5712 50.1174,14.5734 50.1170,14.5752 50.1168,14.5763 50.1168,14.5781 50.1169,14.5799 50.1172,14.5820 50.1176,14.5836 50.1180)
760;17545;;75;13061;0;680;0;LINESTRING(14.5631 50.1181,14.5683 50.1171)
761;17546;;75;13061;0;680;0;LINESTRING(14.5734 50.1142,14.5729 50.1153,14.5723 50.1159,14.5715 50.1166,14.5704 50.1170,14.5683 50.1171)
762;17547;;75;13061;0;680;0;LINESTRING(14.5744 50.1110,14.5734 50.1142)
763;17550;;99;8688;5823;791;478;LINESTRING(14.5618 50.1194,14.5619 50.1189,14.5620 50.1185,14.5624 50.1183,14.5631 50.1181)
764;17551;;99;11330;5423;1339;464;LINESTRING(14.5654 50.1188,14.5655 50.1193,14.5655 50.1196,14.5653 50.1197,14.5651 50.1199,14.5644 50.1200)
765;17552;;53;67151;58549;15663;13277;LINESTRING(14.5654 50.1188,14.5633 50.1192,14.5618 50.1194)
766;17553;NOVOPACKA;53;67088;57908;15593;13529;LINESTRING(14.5302 50.1153,14.5327 50.1156,14.5373 50.1157,14.5398 50.1155,14.5428 50.1156,14.5449 50.1157,14.5485 50.1168,14.5513 50.1178,14.5541 50.1185,14.5563 50.1191,14.5601 50.1194,14.5618 50.1194)
767;17570;;75;11720;0;1301;0;LINESTRING(14.5644 50.1200,14.5627 50.1205,14.5622 50.1207,14.5619 50.1209,14.5619 50.1212,14.5620 50.1220)
768;17572;KBELSKA;64;45809;46392;3593;4019;LINESTRING(14.5313 50.1107,14.5313 50.1110,14.5314 50.1117,14.5311 50.1122,14.5306 50.1126,14.5270 50.1140)
769;17573;;65;40462;42661;3205;3531;LINESTRING(14.5237 50.1153,14.5270 50.1140)
770;17574;;98;30426;27121;7383;6429;LINESTRING(14.5302 50.1153,14.5269 50.1151,14.5261 50.1151,14.5254 50.1150,14.5248 50.1151,14.5242 50.1152,14.5237 50.1153)
771;17575;;98;31314;27056;7822;6612;LINESTRING(14.5237 50.1153,14.5235 50.1151,14.5235 50.1148,14.5235 50.1146,14.5236 50.1145,14.5238 50.1143,14.5241 50.1142,14.5247 50.1142,14.5256 50.1144,14.5264 50.1146,14.5273 50.1149,14.5279 50.1150)
772;17579;;95;5348;3731;388;488;LINESTRING(14.5270 50.1140,14.5269 50.1143,14.5270 50.1145,14.5272 50.1146,14.5276 50.1147,14.5281 50.1149,14.5286 50.1150,14.5302 50.1153)
773;17581;;53;31314;27056;7822;6612;LINESTRING(14.5302 50.1153,14.5279 50.1150)
774;17585;KBELSKA;72;45809;46392;3593;4019;LINESTRING(14.5313 50.1100,14.5313 50.1107)
775;17587;KOLBENOVA;75;22605;20612;1510;980;LINESTRING(14.5378 50.1092,14.5328 50.1098)
776;17588;KOLBENOVA;72;33578;19337;1454;1023;LINESTRING(14.5313 50.1100,14.5298 50.1101)
777;17589;PRUMYSLOVA;64;50232;47458;2590;3747;LINESTRING(14.5314 50.0935,14.5305 50.0950,14.5302 50.0963,14.5303 50.0976,14.5307 50.0987,14.5314 50.0997,14.5328 50.1011,14.5332 50.1017,14.5331 50.1024,14.5329 50.1027,14.5326 50.1031,14.5320 50.1035)
778;17611;STERB.SPOJKA;94;26955;79107;2566;17339;LINESTRING(14.5913 50.0772,14.5904 50.0764,14.5890 50.0760,14.5876 50.0760,14.5854 50.0763)
779;17612;DO PANENEK;81;977;5730;81;211;LINESTRING(14.6310 50.0709,14.6321 50.0699,14.6326 50.0696,14.6336 50.0691,14.6352 50.0685,14.6362 50.0679,14.6376 50.0671)
780;17613;STAROKOLIN.;74;9408;17985;269;628;LINESTRING(14.6477 50.0785,14.6432 50.0790,14.6393 50.0796,14.6355 50.0801,14.6340 50.0801,14.6318 50.0802,14.6303 50.0802)
781;17614;;53;57467;0;4779;0;LINESTRING(14.5854 50.0763,14.5886 50.0753)
782;17615;;53;28772;0;1674;0;LINESTRING(14.5886 50.0753,14.5911 50.0744)
783;17617;prelozka I/12;53;39866;0;3259;0;LINESTRING(14.6333 50.0727,14.6293 50.0737)
784;17618;;95;7565;0;699;0;LINESTRING(14.5974 50.0729,14.5962 50.0735,14.5955 50.0740,14.5949 50.0748)
785;17620;;94;28695;0;3106;0;LINESTRING(14.5886 50.0753,14.5895 50.0747,14.5899 50.0744,14.5905 50.0733,14.5908 50.0729,14.5913 50.0726)
786;17621;;94;23715;0;2458;0;LINESTRING(14.5913 50.0726,14.5922 50.0724,14.5929 50.0724,14.5936 50.0725,14.5941 50.0727,14.5946 50.0731,14.5949 50.0736,14.5951 50.0740,14.5949 50.0748)
787;17622;;95;4170;0;517;0;LINESTRING(14.5924 50.0735,14.5926 50.0731,14.5924 50.0728,14.5918 50.0728,14.5913 50.0730,14.5909 50.0734,14.5909 50.0738,14.5909 50.0741,14.5911 50.0744)
788;17623;;95;2917;0;568;0;LINESTRING(14.5911 50.0744,14.5901 50.0750,14.5899 50.0754,14.5899 50.0758,14.5901 50.0760,14.5907 50.0762,14.5912 50.0761,14.5915 50.0758)
789;17625;D0 Prazsky okruh;46;68504;0;18069;0;LINESTRING(14.5920 50.0780,14.5921 50.0761,14.5923 50.0749,14.5929 50.0736,14.5954 50.0707)
790;17628;;95;3236;0;594;0;LINESTRING(14.5954 50.0707,14.5951 50.0717,14.5954 50.0724,14.5961 50.0728,14.5974 50.0729)
791;17629;;95;4980;0;647;0;LINESTRING(14.5913 50.0726,14.5954 50.0707)
792;17630;D0 Prazsky okruh;46;84749;0;20498;0;LINESTRING(14.5954 50.0707,14.5976 50.0688,14.6007 50.0667,14.6034 50.0650,14.6056 50.0630,14.6085 50.0598,14.6155 50.0492)
793;17632;;75;7838;0;468;0;LINESTRING(14.6317 50.0744,14.6318 50.0749,14.6314 50.0758,14.6308 50.0771,14.6303 50.0785,14.6303 50.0802)
794;17633;prelozka I/12;53;38978;0;3187;0;LINESTRING(14.6333 50.0727,14.6359 50.0720,14.6391 50.0710,14.6464 50.0682)
795;17635;;99;3546;0;298;0;LINESTRING(14.6333 50.0727,14.6331 50.0723,14.6324 50.0721,14.6318 50.0721,14.6309 50.0723)
796;17636;;81;6343;4186;103;316;LINESTRING(14.6659 50.0675,14.6666 50.0653)
797;17637;;81;8030;4186;104;316;LINESTRING(14.6667 50.0639,14.6666 50.0653)
798;17638;NOVOSIBRIN.;74;7213;17412;101;869;LINESTRING(14.7001 50.0723,14.6936 50.0720,14.6909 50.0722)
799;17639;;27;11374;8941;394;875;LINESTRING(14.7355 50.0613,14.7345 50.0590)
800;17640;;27;14034;8941;501;875;LINESTRING(14.7345 50.0590,14.7339 50.0581,14.7327 50.0552,14.7318 50.0543)
801;17641;;24;1922;15647;76;1420;LINESTRING(14.7330 50.0693,14.7446 50.0720,14.7466 50.0724,14.7485 50.0725)
802;17642;;99;4869;0;87;0;LINESTRING(14.6644 50.0665,14.6645 50.0669,14.6647 50.0672,14.6652 50.0674,14.6659 50.0675)
803;17643;;99;4917;0;76;0;LINESTRING(14.6681 50.0664,14.6682 50.0660,14.6680 50.0657,14.6675 50.0654,14.6666 50.0653)
804;17644;;81;3511;3542;0;0;LINESTRING(14.6667 50.0639,14.6677 50.0647,14.6691 50.0656,14.6699 50.0660,14.6705 50.0667,14.6718 50.0675,14.6734 50.0686,14.6759 50.0701)
805;17645;;81;2916;4152;1;1;LINESTRING(14.6805 50.0730,14.6795 50.0722)
806;17647;prelozka I/12;53;31239;0;3107;0;LINESTRING(14.6644 50.0665,14.6681 50.0664)
807;17648;prelozka I/12;53;27722;0;3073;0;LINESTRING(14.6681 50.0664,14.6723 50.0662)
808;17649;prelozka I/12;14;27722;0;3073;0;LINESTRING(14.6865 50.0654,14.6723 50.0662)
809;17650;prelozka I/12;14;22724;0;3008;0;LINESTRING(14.6865 50.0654,14.6908 50.0647)
810;17651;prelozka I/12;14;22919;0;3011;0;LINESTRING(14.6908 50.0647,14.6945 50.0638,14.6980 50.0627,14.7022 50.0618,14.7191 50.0596,14.7229 50.0594,14.7275 50.0593,14.7299 50.0593,14.7323 50.0595)
811;17652;prelozka I/12;14;19584;0;2888;0;LINESTRING(14.7323 50.0595,14.7376 50.0608)
812;17653;prelozka I/12;14;21813;0;3079;0;LINESTRING(14.7376 50.0608,14.7386 50.0613,14.7394 50.0618,14.7403 50.0628,14.7411 50.0638,14.7415 50.0646,14.7422 50.0664,14.7429 50.0677,14.7440 50.0689,14.7456 50.0702)
813;17657;;30;2767;2025;33;291;LINESTRING(14.6893 50.0656,14.6892 50.0652,14.6873 50.0643)
814;17658;;30;4132;2186;39;298;LINESTRING(14.6909 50.0722,14.6894 50.0715,14.6891 50.0713,14.6891 50.0710,14.6891 50.0696,14.6893 50.0686)
815;17659;;93;2694;0;33;0;LINESTRING(14.6873 50.0643,14.6866 50.0645,14.6863 50.0648,14.6863 50.0650,14.6865 50.0654)
816;17660;;93;195;0;2;0;LINESTRING(14.6908 50.0647,14.6893 50.0656)
817;17661;;93;2764;0;37;0;LINESTRING(14.6893 50.0656,14.6885 50.0654,14.6877 50.0653,14.6865 50.0654)
818;17662;;93;3335;0;122;0;LINESTRING(14.7323 50.0595,14.7345 50.0590)
819;17663;;93;2772;0;158;0;LINESTRING(14.7345 50.0590,14.7376 50.0608)
820;17664;;93;6410;0;308;0;LINESTRING(14.7376 50.0608,14.7372 50.0611,14.7366 50.0613,14.7355 50.0613)
821;17665;prelozka I/12;14;21813;0;3079;0;LINESTRING(14.7543 50.0724,14.7517 50.0721,14.7503 50.0719,14.7494 50.0716,14.7475 50.0710,14.7456 50.0702)
822;17671;;30;3340;7268;45;601;LINESTRING(14.6659 50.0531,14.6665 50.0496,14.6672 50.0457,14.6677 50.0448,14.6678 50.0443,14.6673 50.0398,14.6671 50.0381)
823;17673;;27;764;7420;6;830;LINESTRING(14.6719 50.0310,14.6734 50.0325,14.6754 50.0338,14.6774 50.0346)
824;17674;;30;3340;7268;45;601;LINESTRING(14.6670 50.0352,14.6671 50.0381)
825;17675;;27;12641;11386;448;1390;LINESTRING(14.6687 50.0129,14.6695 50.0186)
826;17679;POD JANKOVEM;81;12443;6534;1227;233;LINESTRING(14.6152 50.0470,14.6184 50.0480)
827;17680;;82;1659;9915;182;348;LINESTRING(14.5798 50.0558,14.5804 50.0552,14.5805 50.0546,14.5804 50.0541,14.5802 50.0533,14.5802 50.0524,14.5816 50.0509,14.5819 50.0493,14.5841 50.0474,14.5843 50.0465,14.5848 50.0458)
828;17681;PRATELSTVI;75;16894;14512;1907;2092;LINESTRING(14.5739 50.0479,14.5792 50.0449)
829;17682;;81;6315;3552;47;31;LINESTRING(14.5798 50.0558,14.5779 50.0558,14.5777 50.0560,14.5773 50.0562,14.5762 50.0566,14.5759 50.0567,14.5749 50.0568,14.5739 50.0568,14.5730 50.0568,14.5720 50.0566,14.5703 50.0564,14.5690 50.0563,14.5670 50.0559)
830;17683;DOLNOMECHOL.;81;4659;5490;81;61;LINESTRING(14.5695 50.0611,14.5690 50.0611,14.5665 50.0610,14.5655 50.0609)
831;17684;KUTNOHORSKA;74;18393;19460;1190;2044;LINESTRING(14.5497 50.0655,14.5546 50.0622)
832;17685;;72;10494;0;608;0;LINESTRING(14.5427 50.0620,14.5429 50.0617,14.5433 50.0616,14.5484 50.0616,14.5546 50.0622)
833;17686;;74;16552;0;1067;0;LINESTRING(14.5546 50.0622,14.5553 50.0625,14.5566 50.0630,14.5623 50.0633,14.5627 50.0633,14.5633 50.0632,14.5648 50.0628,14.5652 50.0624,14.5653 50.0621,14.5655 50.0609)
834;17687;;74;12728;0;1001;0;LINESTRING(14.5655 50.0609,14.5670 50.0559)
835;17688;;74;16383;0;996;0;LINESTRING(14.5670 50.0518,14.5666 50.0523,14.5665 50.0526,14.5665 50.0529,14.5671 50.0544,14.5671 50.0548,14.5671 50.0553,14.5670 50.0559)
836;17689;;74;7886;0;2355;0;LINESTRING(14.5792 50.0449,14.5802 50.0455,14.5811 50.0458,14.5820 50.0460,14.5833 50.0460,14.5848 50.0458)
837;17691;;74;13194;0;2364;0;LINESTRING(14.6152 50.0470,14.6060 50.0439,14.6038 50.0432,14.6022 50.0428,14.6005 50.0427,14.5987 50.0428,14.5960 50.0432,14.5901 50.0445,14.5848 50.0458)
838;17693;D0 Prazsky okruh;46;75203;0;20563;0;LINESTRING(14.6155 50.0492,14.6204 50.0424,14.6231 50.0382,14.6281 50.0322,14.6330 50.0267,14.6361 50.0235,14.6377 50.0213,14.6390 50.0192,14.6400 50.0166)
839;17694;;99;10255;0;1356;0;LINESTRING(14.6152 50.0470,14.6145 50.0480,14.6144 50.0484,14.6146 50.0486,14.6147 50.0488,14.6149 50.0490,14.6155 50.0492)
840;17695;;99;9771;0;1232;0;LINESTRING(14.6184 50.0480,14.6176 50.0490,14.6172 50.0493,14.6168 50.0494,14.6164 50.0494,14.6161 50.0494,14.6155 50.0492)
841;17697;NOVOPETROV.;75;20235;19779;792;940;LINESTRING(14.5630 50.0341,14.5644 50.0345)
842;17704;PRATELSTVI;75;20512;13019;2478;1195;LINESTRING(14.6520 50.0077,14.6419 50.0133)
843;17706;D0 Prazsky okruh;46;70934;0;20802;0;LINESTRING(14.6400 50.0166,14.6404 50.0154,14.6406 50.0139,14.6407 50.0107,14.6404 50.0095)
844;17707;D0 Prazsky okruh;41;75997;0;20913;0;LINESTRING(14.6299 49.9966,14.6267 49.9955)
845;17708;D0 Prazsky okruh;41;81306;0;21039;0;LINESTRING(14.6267 49.9955,14.6185 49.9926,14.6153 49.9913,14.6129 49.9898,14.6113 49.9880,14.6104 49.9861,14.6098 49.9848)
846;17709;;99;9382;0;839;0;LINESTRING(14.6381 50.0154,14.6384 50.0159,14.6390 50.0163,14.6400 50.0166)
847;17710;;99;9957;0;1303;0;LINESTRING(14.6419 50.0133,14.6423 50.0138,14.6418 50.0160,14.6415 50.0163,14.6412 50.0165,14.6406 50.0166,14.6400 50.0166)
848;17711;;99;5065;0;111;0;LINESTRING(14.6273 49.9968,14.6278 49.9971,14.6280 49.9971,14.6283 49.9971,14.6285 49.9971,14.6289 49.9971,14.6292 49.9970,14.6294 49.9970,14.6296 49.9968,14.6299 49.9966)
849;17712;;93;7989;0;229;0;LINESTRING(14.6295 49.9954,14.6287 49.9951,14.6284 49.9950,14.6281 49.9950,14.6278 49.9950,14.6275 49.9950,14.6272 49.9951,14.6270 49.9952,14.6267 49.9955)
850;17713;D1;11;66601;76663;8255;13603;LINESTRING(14.6173 49.9717,14.6091 49.9784,14.6088 49.9787)
851;17714;D1;11;55273;63421;3487;9408;LINESTRING(14.5995 49.9861,14.6018 49.9844,14.6044 49.9823,14.6067 49.9804,14.6088 49.9787)
852;17717;;90;17179;0;5651;0;LINESTRING(14.6089 49.9841,14.6082 49.9837,14.6073 49.9834,14.6064 49.9833,14.6055 49.9833,14.6043 49.9832,14.6032 49.9827,14.6025 49.9822,14.6019 49.9813)
853;17718;;90;22762;6964;6104;1116;LINESTRING(14.6019 49.9813,14.6018 49.9809,14.6019 49.9805,14.6021 49.9800,14.6023 49.9797,14.6027 49.9795,14.6039 49.9790)
854;17720;;90;3841;7241;554;2804;LINESTRING(14.6018 49.9821,14.5992 49.9790)
855;17721;;90;1347;8199;729;1748;LINESTRING(14.6008 49.9786,14.6039 49.9790)
856;17722;;90;24109;15164;6833;2864;LINESTRING(14.6039 49.9790,14.6052 49.9789,14.6066 49.9789,14.6077 49.9787,14.6086 49.9782,14.6126 49.9750)
857;17723;;90;27643;19714;10602;5688;LINESTRING(14.6092 49.9794,14.6092 49.9810)
858;17724;D0 Prazsky okruh;43;33314;0;8898;0;LINESTRING(14.5957 49.9777,14.6016 49.9792,14.6034 49.9797,14.6046 49.9802,14.6055 49.9807,14.6065 49.9813,14.6075 49.9820,14.6084 49.9828,14.6090 49.9836,14.6098 49.9848)
859;17727;D0 Prazsky okruh;43;65732;54750;20615;17359;LINESTRING(14.5268 49.9625,14.5320 49.9626,14.5385 49.9626,14.5440 49.9627,14.5468 49.9631,14.5500 49.9638,14.5529 49.9648,14.5555 49.9660,14.5634 49.9693,14.5714 49.9716,14.5815 49.9742,14.5880 49.9758,14.5922 49.9769,14.5957 49.9777)
860;17729;;91;7718;0;510;0;LINESTRING(14.6020 49.9838,14.6066 49.9801,14.6067 49.9799,14.6067 49.9797,14.6066 49.9795,14.6062 49.9793,14.6057 49.9793,14.6053 49.9795,14.6050 49.9798,14.6051 49.9801)
861;17733;;93;18872;12575;2502;1202;LINESTRING(14.5209 49.9636,14.5191 49.9615)
862;17734;;93;19656;9991;1894;1030;LINESTRING(14.5268 49.9625,14.5252 49.9610)
863;17735;D0 Prazsky okruh;43;64083;57201;20593;17092;LINESTRING(14.5191 49.9615,14.5268 49.9625)
864;17745;;27;18411;7883;1951;426;LINESTRING(14.5084 49.9640,14.5209 49.9636)
865;17746;;27;16973;11016;1982;788;LINESTRING(14.5320 49.9696,14.5282 49.9664,14.5265 49.9651,14.5246 49.9642,14.5209 49.9636)
866;17763;DALNICE D1;16;107652;111309;5524;17047;LINESTRING(14.5273 50.0151,14.5323 50.0131,14.5369 50.0115)
867;17764;DALNICE D1;16;107652;111309;5524;17047;LINESTRING(14.5510 50.0081,14.5455 50.0092,14.5398 50.0106,14.5369 50.0115)
868;17894;;27;9477;7805;1172;1412;LINESTRING(14.7037 50.1237,14.7047 50.1216)
869;17978;;75;11128;10333;284;444;LINESTRING(14.5158 50.0686,14.5192 50.0682,14.5199 50.0681,14.5202 50.0680,14.5206 50.0679)
870;17979;;75;16134;;639;;LINESTRING(14.5245 50.0652,14.5237 50.0655,14.5233 50.0659)
871;17980;JIZNI SPOJKA;51;106442;96364;6564;18246;LINESTRING(14.5021 50.0615,14.5031 50.0613,14.5048 50.0611,14.5057 50.0610,14.5062 50.0610,14.5067 50.0610,14.5079 50.0611,14.5090 50.0614,14.5136 50.0629,14.5146 50.0633,14.5155 50.0637)
872;17981;JIZNI SPOJKA;51;101436;92475;6209;17808;LINESTRING(14.5243 50.0683,14.5366 50.0721)
873;17982;JIZNI SPOJKA;53;52401;46864;3057;8891;LINESTRING(14.5243 50.0683,14.5220 50.0675)
874;17984;JIZNI SPOJKA;53;54041;49500;3507;9355;LINESTRING(14.5155 50.0637,14.5188 50.0647)
875;17985;JIZNI SPOJKA;53;49035;45611;3152;8917;LINESTRING(14.5188 50.0647,14.5208 50.0654)
876;17986;;51;49035;45611;3152;8917;LINESTRING(14.5223 50.0660,14.5219 50.0658,14.5214 50.0656,14.5208 50.0654)
877;17991;;75;11128;10333;284;444;LINESTRING(14.5231 50.0660,14.5206 50.0679)
878;17992;JIZNI SPOJKA;94;49035;45611;3152;8917;LINESTRING(14.5223 50.0660,14.5229 50.0669,14.5231 50.0674,14.5234 50.0677,14.5243 50.0683)
879;17997;;75;16134;;639;;LINESTRING(14.5233 50.0659,14.5231 50.0660)
880;18139;U PLYNARNY;75;16199;16859;396;291;LINESTRING(14.4545 50.0553,14.4567 50.0556,14.4590 50.0564)
881;18153;;16;88773;82658;3369;13001;LINESTRING(14.4933 50.0312,14.4928 50.0324,14.4921 50.0341,14.4917 50.0350)
882;18154;;99;7511;6700;219;220;LINESTRING(14.4920 50.0349,14.4922 50.0349,14.4923 50.0350,14.4926 50.0352,14.4926 50.0354)
883;18155;;96;6835;10162;421;1705;LINESTRING(14.4933 50.0312,14.4932 50.0321,14.4920 50.0349)
884;18156;;96;10136;13293;380;1750;LINESTRING(14.4920 50.0349,14.4914 50.0362,14.4909 50.0368,14.4904 50.0374,14.4900 50.0377,14.4893 50.0384)
885;18158;;96;30367;30312;1227;2031;LINESTRING(14.4910 50.0355,14.4926 50.0321)
886;18159;;96;21088;22101;1214;1911;LINESTRING(14.4926 50.0321,14.4933 50.0312)
887;18161;;98;18259;16567;609;592;LINESTRING(14.4926 50.0321,14.4925 50.0321,14.4923 50.0321,14.4921 50.0322,14.4919 50.0324)
888;18162;;98;17651;16719;604;584;LINESTRING(14.4907 50.0337,14.4915 50.0331,14.4919 50.0324)
889;18231;;81;2470;0;63;0;LINESTRING(14.6331 50.0113,14.6336 50.0122,14.6342 50.0129,14.6357 50.0140,14.6372 50.0147,14.6381 50.0154)
890;18237;DALNICE D11;16;75952;61576;12352;11910;LINESTRING(14.5980 50.0987,14.5988 50.0987,14.6000 50.0986,14.6015 50.0987,14.6031 50.0988,14.6053 50.0991,14.6068 50.0994,14.6079 50.0997,14.6096 50.1002,14.6117 50.1009,14.6137 50.1017,14.6157 50.1025,14.6167 50.1030,14.6184 50.1037,14.6193 50.1041,14.6218 50.1049,14.6233 50.1053)
891;18238;DALNICE D11;16;75952;61576;12352;11910;LINESTRING(14.6233 50.1053,14.6238 50.1054,14.6255 50.1058,14.6297 50.1069,14.6357 50.1082,14.6439 50.1100)
892;18239;VE ZLIBKU;75;9670;9195;403;349;LINESTRING(14.6245 50.1070,14.6249 50.1054,14.6253 50.1051,14.6259 50.1048)
893;18240;VE ZLIBKU;75;9670;9195;403;349;LINESTRING(14.6254 50.1011,14.6252 50.1036,14.6253 50.1041,14.6255 50.1044,14.6259 50.1048)
894;18243;;75;3062;0;0;0;LINESTRING(14.6413 50.1102,14.6388 50.1109)
895;18246;;99;6867;0;859;0;LINESTRING(14.6439 50.1100,14.6436 50.1106,14.6431 50.1108,14.6425 50.1110)
896;18247;;99;5394;0;492;0;LINESTRING(14.6439 50.1100,14.6442 50.1095,14.6441 50.1091,14.6434 50.1083)
897;18248;;75;5394;0;492;0;LINESTRING(14.6413 50.1102,14.6413 50.1099,14.6417 50.1090,14.6423 50.1086,14.6434 50.1083)
898;18250;;81;4926;0;97;0;LINESTRING(14.6756 50.1020,14.6693 50.1044)
899;18253;;81;2896;3581;529;470;LINESTRING(14.6027 50.1179,14.6094 50.1194)
900;18254;;81;2490;3579;687;384;LINESTRING(14.6026 50.1212,14.6059 50.1218)
901;18255;;81;2490;3579;687;384;LINESTRING(14.6059 50.1218,14.6080 50.1222)
902;18260;OBCHODNI CCM;72;21826;16727;525;311;LINESTRING(14.5856 50.1020,14.5887 50.1032,14.5890 50.1033)
903;18261;;81;10480;7390;346;153;LINESTRING(14.6080 50.1040,14.6075 50.1045,14.6065 50.1050,14.6059 50.1053,14.6055 50.1058,14.6049 50.1066)
904;18263;;81;1373;60;95;20;LINESTRING(14.5974 50.1059,14.6049 50.1066)
905;18265;NOVOPACKA;16;83166;74581;12433;9728;LINESTRING(14.6245 50.1283,14.6215 50.1272,14.6188 50.1264,14.6162 50.1256,14.6126 50.1247,14.6090 50.1239,14.6072 50.1235,14.6054 50.1231)
906;18315;V KORYTECH;75;22532;17199;632;400;LINESTRING(14.4945 50.0617,14.4943 50.0627)
907;18319;;82;2663;1845;23;23;LINESTRING(14.4712 50.0616,14.4753 50.0615)
908;18325;JIZNI SPOJKA;51;128208;127543;6684;19188;LINESTRING(14.4796 50.0526,14.4796 50.0529,14.4796 50.0533,14.4795 50.0536,14.4795 50.0541,14.4795 50.0544,14.4794 50.0555,14.4794 50.0564,14.4794 50.0569,14.4796 50.0574,14.4798 50.0577,14.4802 50.0580,14.4808 50.0585)
909;18341;;80;17912;15561;271;167;LINESTRING(14.5453 50.0704,14.5446 50.0715)
910;18351;;83;1857;5416;78;76;LINESTRING(14.5779 50.0241,14.5788 50.0242,14.5794 50.0242,14.5801 50.0243,14.5803 50.0244,14.5804 50.0246,14.5805 50.0248,14.5806 50.0252,14.5805 50.0259,14.5805 50.0267,14.5804 50.0273,14.5799 50.0283,14.5793 50.0294,14.5784 50.0307,14.5781 50.0312)
911;18352;PODLESKA;75;18044;18209;1592;1343;LINESTRING(14.5893 50.0386,14.5876 50.0375,14.5874 50.0374,14.5870 50.0374,14.5857 50.0376,14.5849 50.0375,14.5831 50.0371,14.5810 50.0360,14.5804 50.0359)
912;18353;PRATELSTVI;75;16987;22412;888;1734;LINESTRING(14.5920 50.0364,14.5987 50.0316)
913;18355;K DALNICI;75;12861;11796;146;264;LINESTRING(14.5932 50.0286,14.5937 50.0267)
914;18421;;30;13838;14031;234;177;LINESTRING(14.5188 49.9948,14.5201 49.9914)
915;18424;D0 Prazsky okruh;46;70934;0;20802;0;LINESTRING(14.6299 49.9966,14.6322 49.9975,14.6342 49.9984,14.6358 49.9994,14.6371 50.0005,14.6379 50.0015,14.6385 50.0027,14.6392 50.0040,14.6399 50.0060,14.6404 50.0095)
916;18439;;99;9875;9218;229;944;LINESTRING(14.4898 50.0376,14.4910 50.0355)
917;18440;;99;2154;1823;130;87;LINESTRING(14.4926 50.0354,14.4928 50.0354,14.4931 50.0351)
918;18441;POD CHODOVEM;72;30637;27822;875;983;LINESTRING(14.4924 50.0346,14.4919 50.0343,14.4907 50.0337)
919;18442;;99;5416;4925;89;132;LINESTRING(14.4924 50.0346,14.4921 50.0352,14.4921 50.0353,14.4922 50.0354,14.4924 50.0354,14.4926 50.0354)
920;18458;5.KVETNA;61;91169;82174;2145;1607;LINESTRING(14.4672 50.0412,14.4666 50.0414,14.4644 50.0423,14.4620 50.0432,14.4596 50.0443)
921;18459;MICHELSKA;72;18249;20094;703;578;LINESTRING(14.4620 50.0426,14.4619 50.0425,14.4605 50.0414,14.4601 50.0408,14.4598 50.0401,14.4596 50.0396,14.4591 50.0390,14.4581 50.0384)
922;18461;;99;7156;0;190;0;LINESTRING(14.4510 50.0475,14.4547 50.0466)
923;18462;;97;5215;7388;290;6270;LINESTRING(14.4682 50.0391,14.4680 50.0391,14.4678 50.0391,14.4676 50.0392,14.4675 50.0392,14.4673 50.0393)
924;18463;JIZNI SPOJKA;50;142927;126387;7680;7754;LINESTRING(14.4653 50.0380,14.4651 50.0380,14.4642 50.0378,14.4633 50.0377,14.4625 50.0376,14.4613 50.0375,14.4606 50.0376,14.4597 50.0376,14.4585 50.0377)
925;18464;;97;4816;1082;236;40;LINESTRING(14.4673 50.0393,14.4669 50.0392,14.4664 50.0391,14.4662 50.0390,14.4661 50.0389,14.4660 50.0387,14.4661 50.0385,14.4660 50.0384,14.4657 50.0383,14.4655 50.0382,14.4653 50.0380)
926;18465;;97;155;788;0;40;LINESTRING(14.4672 50.0412,14.4676 50.0408,14.4682 50.0406,14.4685 50.0405,14.4686 50.0404,14.4686 50.0402,14.4686 50.0401,14.4684 50.0400,14.4683 50.0400)
927;18533;prelozka I/12;53;37087;0;3162;0;LINESTRING(14.6464 50.0682,14.6494 50.0671)
928;18534;prelozka I/12;53;34787;0;3142;0;LINESTRING(14.6644 50.0665,14.6524 50.0668,14.6508 50.0669,14.6494 50.0671)
929;18535;STAROUJEZD.;81;6732;5757;67;186;LINESTRING(14.6485 50.0684,14.6471 50.0670)
930;18536;STAROUJEZD.;81;4736;5757;126;186;LINESTRING(14.6426 50.0624,14.6434 50.0632,14.6458 50.0657,14.6471 50.0670)
931;18537;;99;3440;0;67;0;LINESTRING(14.6485 50.0684,14.6478 50.0687,14.6473 50.0687,14.6468 50.0686,14.6464 50.0682)
932;18538;;99;4042;0;60;0;LINESTRING(14.6471 50.0670,14.6480 50.0667,14.6487 50.0666,14.6491 50.0668,14.6494 50.0671)
933;18698;PRATELSTVI;75;20512;13019;2478;1195;LINESTRING(14.6579 50.0044,14.6520 50.0077)
934;18700;;28;15306;15350;463;1509;LINESTRING(14.6685 50.0104,14.6684 50.0090,14.6683 50.0075,14.6679 50.0061,14.6672 50.0049,14.6663 50.0038,14.6656 50.0032,14.6651 50.0028)
935;18723;;81;4456;3962;220;275;LINESTRING(14.5137 50.0424,14.5131 50.0430,14.5126 50.0439)
936;18724;;81;2867;2767;227;254;LINESTRING(14.5158 50.0471,14.5143 50.0469,14.5137 50.0468,14.5131 50.0463,14.5129 50.0460)
937;18726;;81;2345;2491;162;202;LINESTRING(14.5158 50.0471,14.5173 50.0474,14.5181 50.0477,14.5191 50.0478,14.5200 50.0478,14.5209 50.0478)
938;18727;;81;1702;2277;183;191;LINESTRING(14.5209 50.0478,14.5224 50.0476,14.5233 50.0476,14.5240 50.0476)
939;18728;;81;1702;2277;183;191;LINESTRING(14.5239 50.0469,14.5240 50.0476)
940;18735;;81;3419;3948;89;191;LINESTRING(14.4901 50.0433,14.4913 50.0437,14.4924 50.0440)
941;18737;;81;1882;2414;5;98;LINESTRING(14.4946 50.0473,14.4947 50.0468,14.4944 50.0461,14.4938 50.0451,14.4931 50.0445,14.4924 50.0440)
942;18738;;80;1882;2414;5;98;LINESTRING(14.4917 50.0480,14.4930 50.0479,14.4938 50.0478,14.4944 50.0476,14.4946 50.0473)
943;18754;;83;3986;3853;0;0;LINESTRING(14.4946 50.0529,14.4948 50.0527,14.4949 50.0521,14.4949 50.0518,14.4945 50.0512,14.4946 50.0500,14.4946 50.0500)
944;18775;MIROV. HNUTI;75;17962;18500;883;1004;LINESTRING(14.4953 50.0364,14.4961 50.0370,14.4968 50.0374,14.4974 50.0376,14.4977 50.0377)
945;18776;;98;4811;5931;222;275;LINESTRING(14.4941 50.0370,14.4933 50.0373)
946;18777;;81;325;306;16;17;LINESTRING(14.4941 50.0370,14.4945 50.0372,14.4929 50.0381,14.4922 50.0385,14.4919 50.0388)
947;18778;;81;219;206;6;7;LINESTRING(14.4919 50.0388,14.4957 50.0405)
948;18779;;82;4260;3415;102;120;LINESTRING(14.4938 50.0428,14.4948 50.0415)
949;18780;;82;3896;3137;91;121;LINESTRING(14.4957 50.0405,14.4961 50.0401)
950;18781;;82;5636;4963;163;217;LINESTRING(14.4977 50.0377,14.4970 50.0388)
951;18783;;81;3979;3807;162;190;LINESTRING(14.4961 50.0401,14.4979 50.0409)
952;18784;;81;8035;6550;229;241;LINESTRING(14.4905 50.0421,14.4908 50.0421,14.4910 50.0421,14.4918 50.0423,14.4923 50.0424)
953;18786;;81;2405;2183;94;93;LINESTRING(14.4938 50.0428,14.4977 50.0438)
954;18788;;81;2164;2030;87;96;LINESTRING(14.5016 50.0424,14.4998 50.0416)
955;18790;;82;3838;3078;88;117;LINESTRING(14.4957 50.0405,14.4948 50.0415)
956;18813;K HORKAM;74;17322;19469;410;378;LINESTRING(14.5137 50.0424,14.5175 50.0436,14.5175 50.0436)
957;18816;PRACSKA;75;13483;11214;64;112;LINESTRING(14.5165 50.0542,14.5151 50.0542)
958;18818;MIROV. HNUTI;75;18183;18206;845;1013;LINESTRING(14.4993 50.0379,14.4985 50.0378,14.4979 50.0377,14.4977 50.0377)
959;18820;;82;5636;4963;163;217;LINESTRING(14.4961 50.0401,14.4970 50.0388)
960;18822;;82;1815;1776;75;94;LINESTRING(14.4998 50.0416,14.4979 50.0409)
961;18826;PRACSKA;75;12962;10512;62;107;LINESTRING(14.5151 50.0542,14.5137 50.0540,14.5093 50.0536)
962;18835;;81;191;192;0;0;LINESTRING(14.4914 50.0488,14.4912 50.0490,14.4904 50.0495,14.4886 50.0500,14.4862 50.0504,14.4846 50.0506,14.4837 50.0505,14.4828 50.0503,14.4823 50.0499)
963;18836;;81;5816;5683;278;304;LINESTRING(14.4826 50.0485,14.4823 50.0488,14.4821 50.0490,14.4821 50.0496,14.4823 50.0499)
964;18840;;81;3762;3270;216;270;LINESTRING(14.5126 50.0439,14.5124 50.0444,14.5123 50.0450,14.5125 50.0457,14.5129 50.0460)
965;18843;MIROV. HNUTI;75;15945;16585;765;968;LINESTRING(14.5060 50.0396,14.5059 50.0396,14.5012 50.0379)
966;18844;;81;6665;5598;196;213;LINESTRING(14.4938 50.0428,14.4923 50.0424)
967;18847;;82;1899;1780;79;93;LINESTRING(14.4998 50.0416,14.4991 50.0424)
968;18848;;82;2405;2183;94;93;LINESTRING(14.4977 50.0438,14.4991 50.0424)
969;18859;SENOHRABSKA;75;6273;6006;141;312;LINESTRING(14.4894 50.0447,14.4891 50.0450,14.4886 50.0454,14.4878 50.0459,14.4858 50.0468)
970;18865;;83;5221;4966;77;45;LINESTRING(14.4627 50.0212,14.4596 50.0188)
971;18869;;80;9309;9224;103;50;LINESTRING(14.5844 50.1094,14.5854 50.1095,14.5858 50.1097)
972;18870;CHLUMECKA;63;62255;53164;3592;1669;LINESTRING(14.5762 50.1093,14.5776 50.1094)
973;18871;;81;9428;1460;171;62;LINESTRING(14.5772 50.1100,14.5793 50.1102)
974;18873;;99;1244;1945;35;101;LINESTRING(14.5776 50.1094,14.5774 50.1096,14.5772 50.1097,14.5772 50.1098,14.5772 50.1100)
975;18875;;81;12366;4342;208;127;LINESTRING(14.5744 50.1110,14.5750 50.1110,14.5771 50.1112)
976;18877;;81;15770;12318;361;208;LINESTRING(14.5858 50.1097,14.5849 50.1100,14.5848 50.1100,14.5842 50.1106,14.5839 50.1108,14.5835 50.1108,14.5826 50.1107)
977;18893;;81;2920;6806;51;13;LINESTRING(14.6045 50.0212,14.6037 50.0236)
978;18894;;82;1254;1808;13;48;LINESTRING(14.5990 50.0286,14.6033 50.0236,14.6037 50.0236)
979;18896;;81;2447;3129;5;5;LINESTRING(14.6094 50.0249,14.6098 50.0241,14.6123 50.0216,14.6178 50.0181,14.6194 50.0177,14.6206 50.0174,14.6220 50.0168)
980;18899;U KUNR.LESA;75;9164;9562;105;365;LINESTRING(14.4879 50.0280,14.4880 50.0269,14.4881 50.0253,14.4881 50.0244,14.4882 50.0237,14.4885 50.0231,14.4887 50.0229,14.4891 50.0226)
981;18913;NACHODSKA;75;17524;15681;1487;737;LINESTRING(14.6595 50.1204,14.6503 50.1192,14.6464 50.1186,14.6457 50.1186)
982;18914;;75;5408;0;492;0;LINESTRING(14.6413 50.1102,14.6417 50.1107,14.6425 50.1110)
983;18915;;75;9202;0;1350;0;LINESTRING(14.6425 50.1110,14.6434 50.1132)
984;18916;;75;9202;0;1350;0;LINESTRING(14.6457 50.1186,14.6441 50.1177,14.6435 50.1167,14.6435 50.1147,14.6434 50.1132)
985;18925;;82;554;31;17;17;LINESTRING(14.6012 50.0859,14.6057 50.0869)
986;18951;BELADOVA;75;12986;6701;86;191;LINESTRING(14.5201 50.1196,14.5186 50.1212)
987;18954;;27;11854;15147;899;2236;LINESTRING(14.6989 50.1264,14.6917 50.1255)
988;18965;PRIV.VESTEC;93;8661;16354;224;1131;LINESTRING(14.4904 49.9910,14.4850 49.9891)
989;18967;;90;15965;26954;5667;8492;LINESTRING(14.5992 49.9790,14.5957 49.9777)
990;18968;;90;12124;19714;5113;5688;LINESTRING(14.6092 49.9810,14.6087 49.9818,14.6082 49.9823,14.6073 49.9827,14.6066 49.9828,14.6058 49.9829,14.6049 49.9828,14.6040 49.9825,14.6034 49.9822,14.6029 49.9816,14.6025 49.9810,14.6010 49.9797,14.5992 49.9790)
991;19007;BUDEJOVICKA;75;8515;10321;213;161;LINESTRING(14.4595 50.0425,14.4529 50.0430,14.4526 50.0430,14.4525 50.0431)
992;19045;STERB.SPOJKA;53;87648;83399;7008;17457;LINESTRING(14.5656 50.0779,14.5640 50.0784,14.5608 50.0788,14.5582 50.0789,14.5553 50.0786,14.5523 50.0779,14.5498 50.0769,14.5479 50.0761)
993;19046;;99;1757;1682;241;175;LINESTRING(14.5479 50.0761,14.5483 50.0757,14.5482 50.0755,14.5473 50.0751,14.5463 50.0749,14.5451 50.0744)
994;19124;;61;69607;68948;1644;1349;LINESTRING(14.4498 50.0491,14.4511 50.0484)
995;19125;RAMPY;98;8014;8431;299;221;LINESTRING(14.4498 50.0491,14.4507 50.0481)
996;19126;;99;3558;3145;77;82;LINESTRING(14.4507 50.0481,14.4511 50.0484)
997;19138;prelozka I/12;53;41548;0;3430;0;LINESTRING(14.6293 50.0737,14.6259 50.0743,14.6215 50.0750,14.6174 50.0751,14.6137 50.0748,14.6094 50.0742,14.6067 50.0737,14.6037 50.0732,14.6002 50.0729,14.5974 50.0729)
998;19139;;99;4193;0;235;0;LINESTRING(14.6317 50.0744,14.6308 50.0746,14.6301 50.0745,14.6296 50.0742,14.6293 50.0737)
999;19146;D1;11;90662;89605;6496;17208;LINESTRING(14.5881 49.9932,14.5972 49.9875,14.5995 49.9861)
1000;19147;;30;17113;15244;951;660;LINESTRING(14.5858 49.9922,14.5868 49.9954)
1001;19148;;30;15156;16874;553;461;LINESTRING(14.5868 49.9954,14.5850 49.9964)
1002;19149;;30;6069;7119;271;97;LINESTRING(14.5837 50.0021,14.5836 50.0014,14.5836 50.0005,14.5845 49.9999,14.5849 49.9993,14.5847 49.9986,14.5850 49.9964)
1003;19150;;93;12469;11383;830;526;LINESTRING(14.5858 49.9922,14.5865 49.9921,14.5872 49.9921,14.5876 49.9921,14.5879 49.9923,14.5880 49.9926,14.5881 49.9932)
1004;19151;;93;14225;12928;981;638;LINESTRING(14.5868 49.9954,14.5875 49.9952,14.5880 49.9951,14.5883 49.9947,14.5883 49.9941,14.5882 49.9937,14.5881 49.9932)
1005;19152;;33;7607;7664;710;555;LINESTRING(14.5868 49.9954,14.5891 49.9971)
1006;19153;;33;4192;6646;75;169;LINESTRING(14.5891 49.9971,14.5904 49.9980)
1007;19161;;94;51584;39127;11064;8481;LINESTRING(14.5912 50.1199,14.5910 50.1205,14.5904 50.1207,14.5898 50.1207,14.5893 50.1206)
1008;19169;VIDENSKA;72;22485;21207;1134;900;LINESTRING(14.4553 50.0292,14.4556 50.0290,14.4559 50.0287,14.4564 50.0284,14.4568 50.0282,14.4571 50.0280,14.4582 50.0267)
1009;19170;VIDENSKA;72;21725;20213;1088;871;LINESTRING(14.4601 50.0245,14.4582 50.0267)
1010;19935;CHILSKA;72;21200;20479;743;719;LINESTRING(14.5071 50.0307,14.5074 50.0296)
1011;19937;TURKOVA;72;14167;;411;;LINESTRING(14.5063 50.0314,14.5047 50.0318)
1012;19938;TURKOVA;72;14167;;411;;LINESTRING(14.5018 50.0325,14.5047 50.0318)
1013;19949;CHILSKA;72;20731;20015;725;726;LINESTRING(14.5089 50.0239,14.5089 50.0244,14.5083 50.0266)
1014;19950;CHILSKA;72;20731;20049;725;726;LINESTRING(14.5074 50.0296,14.5083 50.0266)
1015;20006;;75;24048;18346;470;778;LINESTRING(14.5172 50.1186,14.5181 50.1188)
1016;20031;HORNOMECHOL.;75;17089;17054;538;564;LINESTRING(14.5671 50.0447,14.5669 50.0408)
1017;20033;VYSTAVNI;75;15647;14842;513;836;LINESTRING(14.5317 50.0354,14.5337 50.0349)
1018;20034;VYSTAVNI;75;15647;14842;513;836;LINESTRING(14.5375 50.0339,14.5337 50.0349)
1019;20070;VIDENSKA;72;44411;42371;2153;1523;LINESTRING(14.4553 50.0292,14.4551 50.0298,14.4550 50.0313,14.4551 50.0325,14.4554 50.0337)
1020;20071;VIDENSKA;72;46043;43764;2194;1562;LINESTRING(14.4558 50.0348,14.4554 50.0337)
1021;20072;;82;350;289;5;2;LINESTRING(14.4582 50.0267,14.4576 50.0276,14.4572 50.0282,14.4562 50.0292,14.4561 50.0294,14.4561 50.0297)
1022;20073;;81;2738;2652;53;44;LINESTRING(14.4553 50.0292,14.4561 50.0297)
1023;20074;;81;1632;1393;42;40;LINESTRING(14.4561 50.0297,14.4560 50.0312,14.4560 50.0324,14.4559 50.0334,14.4554 50.0337)
1024;20356;;34;1214;812;0;0;LINESTRING(14.6990 50.1156,14.6998 50.1163,14.7037 50.1182,14.7061 50.1189,14.7064 50.1193,14.7063 50.1196,14.7047 50.1216)
1025;20358;;29;7698;8413;185;688;LINESTRING(14.7121 50.0801,14.7147 50.0820)
1026;20359;;29;7157;7970;116;626;LINESTRING(14.7171 50.0941,14.7179 50.0919,14.7183 50.0901,14.7180 50.0887,14.7182 50.0871,14.7181 50.0850,14.7172 50.0834,14.7160 50.0827,14.7147 50.0820)
1027;20360;;33;2365;1151;0;0;LINESTRING(14.7121 50.0801,14.7131 50.0790,14.7182 50.0771,14.7187 50.0767,14.7194 50.0764)
1028;20362;;33;3534;3770;0;0;LINESTRING(14.7163 50.0731,14.7040 50.0725)
1029;20363;;33;3139;2020;0;0;LINESTRING(14.7242 50.0733,14.7163 50.0731)
1030;20379;;27;13843;24199;1043;2804;LINESTRING(14.6390 49.9853,14.6422 49.9878,14.6425 49.9885)
1031;20380;;27;11718;23437;995;2923;LINESTRING(14.6461 49.9921,14.6425 49.9885)
1032;20382;;31;1304;790;15;0;LINESTRING(14.6461 49.9921,14.6502 49.9908,14.6507 49.9906)
1033;20383;;30;3245;7150;16;161;LINESTRING(14.6355 49.9882,14.6425 49.9885)
1034;20385;;31;7693;8654;3;29;LINESTRING(14.6594 49.9943,14.6617 49.9926,14.6628 49.9930,14.6645 49.9933,14.6665 49.9933,14.6681 49.9937,14.6689 49.9938,14.6703 49.9945)
1035;20386;;31;5292;5908;2;28;LINESTRING(14.6763 49.9967,14.6703 49.9945)
1036;20391;;27;17750;28723;2175;3518;LINESTRING(14.6185 49.9740,14.6225 49.9749)
1037;20392;;27;14605;24868;1268;2830;LINESTRING(14.6314 49.9778,14.6225 49.9749)
1038;20393;;30;1464;2650;137;108;LINESTRING(14.6198 49.9877,14.6208 49.9869,14.6210 49.9866,14.6208 49.9861,14.6209 49.9851,14.6206 49.9835,14.6188 49.9820,14.6184 49.9814,14.6184 49.9807,14.6194 49.9788,14.6197 49.9779,14.6201 49.9773,14.6214 49.9767,14.6219 49.9763,14.6225 49.9749)
1039;20398;;27;22174;12819;3838;3060;LINESTRING(14.6130 49.9727,14.6115 49.9725,14.6106 49.9725,14.6068 49.9734)
1040;20399;;27;14236;10284;3527;2936;LINESTRING(14.6068 49.9734,14.6002 49.9750)
1041;20400;;30;8153;2629;390;137;LINESTRING(14.5985 49.9699,14.6011 49.9701,14.6028 49.9700,14.6052 49.9702,14.6064 49.9707,14.6068 49.9712,14.6069 49.9716,14.6066 49.9728,14.6068 49.9734)
1042;20401;K DALNICI;75;10322;12852;122;209;LINESTRING(14.5681 50.0075,14.5692 50.0081,14.5703 50.0085,14.5714 50.0089)
1043;20403;;32;13559;15524;277;173;LINESTRING(14.5738 50.0051,14.5719 50.0063,14.5711 50.0064,14.5671 50.0067)
1044;20404;;32;9257;12782;196;334;LINESTRING(14.5738 50.0051,14.5752 50.0044,14.5757 50.0040,14.5759 50.0037,14.5763 50.0027)
1045;20405;;33;9523;10671;172;164;LINESTRING(14.5738 50.0051,14.5755 50.0064)
1046;20406;;33;4244;4343;11;0;LINESTRING(14.5714 50.0089,14.5755 50.0064)
1047;20407;;33;5383;4796;157;11;LINESTRING(14.5830 50.0036,14.5818 50.0054,14.5813 50.0058,14.5811 50.0061,14.5809 50.0083,14.5817 50.0125,14.5817 50.0142,14.5819 50.0153,14.5822 50.0163)
1048;20411;;30;4287;7207;93;119;LINESTRING(14.5436 49.9942,14.5489 49.9977,14.5494 49.9990,14.5500 49.9993)
1049;20412;;30;5079;7282;93;119;LINESTRING(14.5511 50.0004,14.5503 49.9995,14.5500 49.9993)
1050;20413;;31;2642;2687;137;169;LINESTRING(14.5481 50.0040,14.5481 50.0041,14.5482 50.0046,14.5481 50.0052,14.5474 50.0054,14.5467 50.0056,14.5466 50.0064,14.5464 50.0069)
1051;20414;;31;3362;2958;137;170;LINESTRING(14.5511 50.0004,14.5509 50.0006,14.5503 50.0006,14.5497 50.0009,14.5491 50.0010,14.5488 50.0014,14.5488 50.0020,14.5484 50.0027,14.5480 50.0035,14.5481 50.0040)
1052;20418;;30;4287;7207;93;119;LINESTRING(14.5436 49.9942,14.5408 49.9962,14.5381 49.9977)
1053;20419;;30;4771;7642;93;119;LINESTRING(14.5334 49.9995,14.5371 49.9983,14.5381 49.9977)
1054;20422;;30;8490;8765;353;171;LINESTRING(14.5403 49.9708,14.5336 49.9771)
1055;20423;;30;8773;11724;258;37;LINESTRING(14.5217 49.9874,14.5222 49.9865,14.5240 49.9853,14.5257 49.9832,14.5305 49.9791,14.5322 49.9785,14.5330 49.9779,14.5336 49.9771)
1056;20424;;33;2790;2810;0;0;LINESTRING(14.5193 49.9725,14.5127 49.9684)
1057;20425;;33;1977;1906;0;0;LINESTRING(14.5336 49.9771,14.5320 49.9764,14.5270 49.9761,14.5236 49.9754,14.5215 49.9738,14.5193 49.9725)
1058;20428;;27;16298;11606;1745;1356;LINESTRING(14.5697 49.9779,14.5535 49.9755,14.5515 49.9749)
1059;20430;;27;10486;7195;1440;1035;LINESTRING(14.5697 49.9779,14.5849 49.9760)
1060;20431;;27;12392;9645;1572;1207;LINESTRING(14.5888 49.9749,14.5849 49.9760)
1061;20432;;30;1907;2449;132;172;LINESTRING(14.5800 49.9820,14.5855 49.9786,14.5857 49.9772,14.5849 49.9760)
1062;20433;;30;9943;7198;367;191;LINESTRING(14.5697 49.9779,14.5761 49.9826)
1063;20434;;30;6836;6023;555;397;LINESTRING(14.5697 49.9779,14.5703 49.9766,14.5703 49.9751,14.5713 49.9723,14.5720 49.9716,14.5732 49.9697,14.5745 49.9689,14.5749 49.9686,14.5755 49.9673)
1064;20435;;30;3169;1404;534;88;LINESTRING(14.5755 49.9673,14.5771 49.9673,14.5793 49.9677,14.5802 49.9678,14.5809 49.9679,14.5843 49.9705,14.5848 49.9707,14.5877 49.9709,14.5886 49.9707,14.5901 49.9703,14.5905 49.9706,14.5925 49.9712)
1065;20687;;81;4573;2705;92;180;LINESTRING(14.5069 50.0563,14.5048 50.0564,14.5038 50.0564)
1066;20688;;81;6408;4020;353;340;LINESTRING(14.5038 50.0564,14.5026 50.0564,14.5024 50.0564,14.4987 50.0565,14.4978 50.0565)
1067;20689;;81;7645;5355;400;383;LINESTRING(14.4938 50.0567,14.4948 50.0566,14.4966 50.0565,14.4978 50.0565)
1068;20693;;81;4030;2829;5;68;LINESTRING(14.5079 50.0533,14.5076 50.0539)
1069;20694;;81;4298;2449;8;68;LINESTRING(14.5069 50.0563,14.5071 50.0547,14.5076 50.0539)
1070;20695;;81;4140;2920;88;121;LINESTRING(14.5069 50.0563,14.5069 50.0576)
1071;20696;;81;3206;1981;69;97;LINESTRING(14.5064 50.0588,14.5067 50.0586,14.5069 50.0583,14.5070 50.0580,14.5069 50.0576)
1072;20697;;81;2910;2895;83;130;LINESTRING(14.5110 50.0582,14.5105 50.0579,14.5101 50.0577)
1073;20698;;81;1425;1613;77;124;LINESTRING(14.5069 50.0576,14.5077 50.0575,14.5090 50.0575,14.5095 50.0576,14.5097 50.0576,14.5101 50.0577)
1074;20701;;82;1579;1445;48;151;LINESTRING(14.5225 50.0546,14.5226 50.0554,14.5225 50.0564,14.5222 50.0570,14.5217 50.0578,14.5212 50.0582,14.5206 50.0586,14.5201 50.0589,14.5196 50.0590,14.5191 50.0591,14.5177 50.0591,14.5166 50.0591)
1075;20702;;82;1675;1457;48;151;LINESTRING(14.5166 50.0591,14.5152 50.0590)
1076;20703;;82;1680;1458;48;151;LINESTRING(14.5152 50.0590,14.5130 50.0587)
1077;20704;;82;3572;2949;48;151;LINESTRING(14.5110 50.0582,14.5115 50.0584,14.5130 50.0587)
1078;20708;SVEHLOVA;72;29232;33020;803;1162;LINESTRING(14.5307 50.0527,14.5262 50.0528)
1079;20709;SVEHLOVA;72;29606;33438;823;1213;LINESTRING(14.5225 50.0529,14.5262 50.0528)
1080;20712;HORNOMECHOL.;75;18361;18457;218;470;LINESTRING(14.5432 50.0487,14.5495 50.0466,14.5500 50.0466,14.5504 50.0466,14.5512 50.0468,14.5521 50.0470)
1081;20713;HORNOMECHOL.;75;18007;17992;220;470;LINESTRING(14.5553 50.0478,14.5521 50.0470)
1082;20716;POD JANKOVEM;81;7517;6812;29;317;LINESTRING(14.6086 50.0314,14.6099 50.0343,14.6127 50.0402)
1083;20719;STYCHOVA;81;6146;5769;143;128;LINESTRING(14.5641 50.0232,14.5658 50.0236,14.5678 50.0236,14.5690 50.0234)
1084;20720;STYCHOVA;81;6137;5755;143;128;LINESTRING(14.5791 50.0212,14.5779 50.0207,14.5693 50.0234,14.5690 50.0234)
1085;20728;KUNR.SPOJKA;75;22082;19938;930;1035;LINESTRING(14.5005 50.0202,14.5013 50.0172)
1086;20729;KUNR.SPOJKA;75;21782;19784;918;1022;LINESTRING(14.5006 50.0056,14.5034 50.0106,14.5036 50.0118,14.5031 50.0127,14.5020 50.0142,14.5018 50.0152,14.5013 50.0172)
1087;20736;U KUNR.LESA;75;12803;12845;139;376;LINESTRING(14.4877 50.0295,14.4876 50.0310,14.4876 50.0314)
1088;20742;RYSAVEHO;72;17771;15776;251;458;LINESTRING(14.4792 50.0362,14.4803 50.0350,14.4807 50.0347,14.4813 50.0345,14.4820 50.0343,14.4824 50.0342)
1089;20743;RYSAVEHO;72;17276;15485;282;490;LINESTRING(14.4855 50.0333,14.4848 50.0335,14.4843 50.0336,14.4837 50.0338,14.4824 50.0342)
1090;20759;USTREDNI;75;15063;16256;829;501;LINESTRING(14.5552 50.0725,14.5535 50.0723,14.5506 50.0719,14.5498 50.0717,14.5490 50.0714,14.5490 50.0714)
1091;20760;USTREDNI;75;15586;16670;1032;687;LINESTRING(14.5453 50.0704,14.5458 50.0706,14.5466 50.0707,14.5480 50.0711,14.5485 50.0713,14.5490 50.0714)
1092;20788;PRUMYSLOVA;72;49900;49772;3126;4010;LINESTRING(14.5366 50.0880,14.5369 50.0876,14.5371 50.0871,14.5373 50.0867,14.5376 50.0861,14.5376 50.0861)
1093;20789;PRUMYSLOVA;72;49908;50501;3148;4359;LINESTRING(14.5382 50.0828,14.5376 50.0861)
1094;20797;;83;7177;5393;157;1;LINESTRING(14.5346 50.0920,14.5353 50.0924,14.5362 50.0926)
1095;20798;;83;6982;5195;156;0;LINESTRING(14.5407 50.0932,14.5362 50.0926)
1096;20817;;82;5373;4272;49;35;LINESTRING(14.6123 50.1008,14.6117 50.1005,14.6110 50.1002,14.6102 50.0999,14.6089 50.0994,14.6078 50.0992,14.6075 50.0991,14.6063 50.0989,14.6050 50.0988,14.6044 50.0987,14.6038 50.0985,14.6037 50.0984,14.6035 50.0970,14.6035 50.0968,14.6033 50.0967,14.6032 50.0967,14.6029 50.0967,14.6017 50.0967,14.6003 50.0966,14.5985 50.0965,14.5971 50.0963,14.5967 50.0962,14.5965 50.0962,14.5963 50.0962,14.5961 50.0961,14.5958 50.0960,14.5948 50.0955,14.5943 50.0952,14.5933 50.0949,14.5909 50.0942,14.5901 50.0940)
1097;20818;;81;5379;4272;49;35;LINESTRING(14.5854 50.0906,14.5871 50.0917,14.5884 50.0928,14.5891 50.0934,14.5896 50.0938,14.5900 50.0940,14.5901 50.0940)
1098;20825;;81;10185;9678;562;157;LINESTRING(14.5541 50.1070,14.5563 50.1082)
1099;20827;;81;4394;4524;103;46;LINESTRING(14.5598 50.1131,14.5594 50.1123,14.5564 50.1108)
1100;20828;;81;7660;7878;415;85;LINESTRING(14.5609 50.1151,14.5598 50.1133,14.5598 50.1131)
1101;20829;;81;6042;5294;439;125;LINESTRING(14.5563 50.1082,14.5576 50.1083,14.5592 50.1087,14.5605 50.1094,14.5631 50.1108)
1102;20830;;81;3748;3746;314;49;LINESTRING(14.5631 50.1108,14.5600 50.1129,14.5598 50.1131)
1103;20832;CHLUMECKA;63;52350;46216;2552;1340;LINESTRING(14.5714 50.1087,14.5620 50.1074)
1104;20833;CHLUMECKA;63;52348;46213;2551;1340;LINESTRING(14.5572 50.1067,14.5620 50.1074)
1105;20836;;81;4600;5453;717;346;LINESTRING(14.5806 50.1233,14.5836 50.1229)
1106;20837;;81;6565;7261;822;401;LINESTRING(14.5718 50.1256,14.5754 50.1245,14.5773 50.1238,14.5781 50.1237,14.5806 50.1233)
1107;20850;KBELSKA;72;37726;36921;2265;3792;LINESTRING(14.5313 50.1049,14.5314 50.1058)
1108;20851;KBELSKA;72;37271;36468;2204;3744;LINESTRING(14.5314 50.1077,14.5315 50.1063,14.5314 50.1058)
1109;20930;ZABEHLICKA;75;16818;12012;339;187;LINESTRING(14.4747 50.0566,14.4790 50.0561)
1110;20931;ZABEHLICKA;75;14919;10749;309;100;LINESTRING(14.4712 50.0570,14.4747 50.0566)
1111;20932;;83;4149;3628;42;105;LINESTRING(14.4721 50.0553,14.4730 50.0554,14.4737 50.0555)
1112;20933;;83;3681;3021;42;105;LINESTRING(14.4747 50.0566,14.4745 50.0558,14.4743 50.0556,14.4737 50.0555)
1113;20967;;81;5927;7645;29;36;LINESTRING(14.4511 50.0154,14.4520 50.0157)
1114;20968;;81;8252;9500;29;35;LINESTRING(14.4546 50.0164,14.4520 50.0157)
1115;21055;;30;2292;1539;40;107;LINESTRING(14.7156 50.0428,14.7187 50.0406,14.7198 50.0396,14.7205 50.0389,14.7203 50.0374,14.7212 50.0373,14.7215 50.0368)
1116;21484;;81;7327;7955;190;562;LINESTRING(14.5893 50.0386,14.5903 50.0391)
1117;21493;;97;13817;15751;704;5465;LINESTRING(14.4898 50.0376,14.4893 50.0384)
1118;21506;;81;2103;1917;269;165;LINESTRING(14.5446 50.0715,14.5460 50.0719,14.5463 50.0721,14.5462 50.0728,14.5456 50.0737)
1119;21507;;81;1757;1682;241;175;LINESTRING(14.5451 50.0744,14.5456 50.0737)
1120;21536;NA PADESATEM;72;17663;16685;460;669;LINESTRING(14.5046 50.0640,14.5054 50.0648,14.5062 50.0659)
1121;21537;NA PADESATEM;72;16590;15375;385;656;LINESTRING(14.5075 50.0676,14.5070 50.0671,14.5062 50.0659)
1122;21561;K DALNICI;75;19923;21961;290;220;LINESTRING(14.5837 50.0170,14.5833 50.0169,14.5822 50.0163)
1123;21562;K DALNICI;75;14540;17166;132;209;LINESTRING(14.5714 50.0089,14.5717 50.0093,14.5719 50.0096,14.5721 50.0100,14.5726 50.0105,14.5734 50.0110,14.5740 50.0115,14.5743 50.0118,14.5744 50.0122,14.5753 50.0130,14.5758 50.0135,14.5768 50.0140,14.5783 50.0147,14.5822 50.0163)
1124;21564;;81;4382;2059;68;152;LINESTRING(14.6348 50.0096,14.6346 50.0098,14.6344 50.0100,14.6342 50.0102,14.6341 50.0103,14.6339 50.0105,14.6338 50.0106,14.6336 50.0107,14.6335 50.0107,14.6331 50.0107,14.6331 50.0107,14.6330 50.0108,14.6329 50.0108,14.6329 50.0109,14.6331 50.0112,14.6331 50.0112,14.6331 50.0113)
1125;21566;PRATELSTVI;75;9709;13019;1113;1195;LINESTRING(14.6401 50.0143,14.6381 50.0154)
1126;21567;PRATELSTVI;75;15603;13019;1725;1195;LINESTRING(14.6401 50.0143,14.6419 50.0133)
1127;21568;;93;5894;0;613;0;LINESTRING(14.6400 50.0166,14.6384 50.0163,14.6378 50.0161,14.6374 50.0159,14.6373 50.0155,14.6374 50.0151,14.6381 50.0148,14.6401 50.0143)
1128;21570;;90;17142;14205;1517;3920;LINESTRING(14.5995 49.9861,14.6020 49.9838)
1129;21571;;90;9423;14205;1007;3920;LINESTRING(14.6020 49.9838,14.6021 49.9833,14.6021 49.9827,14.6018 49.9821)
1130;21572;;90;5583;6964;453;1116;LINESTRING(14.6018 49.9821,14.6019 49.9813)
1131;21573;;90;15820;5232;5841;1176;LINESTRING(14.6126 49.9750,14.6157 49.9726,14.6173 49.9717)
1132;21574;;90;24858;15110;10325;5203;LINESTRING(14.6173 49.9717,14.6163 49.9730,14.6138 49.9751)
1133;21575;;90;34536;25340;11049;6644;LINESTRING(14.6138 49.9751,14.6101 49.9783,14.6096 49.9788,14.6092 49.9794)
1134;21576;;90;6893;5626;447;956;LINESTRING(14.6092 49.9794,14.6089 49.9798,14.6086 49.9800,14.6083 49.9802,14.6077 49.9803)
1135;21577;;90;10672;11980;1000;3880;LINESTRING(14.6077 49.9803,14.6074 49.9804,14.6070 49.9806,14.6051 49.9822)
1136;21578;;90;18247;11980;1492;3880;LINESTRING(14.6051 49.9822,14.6028 49.9840)
1137;21579;;90;18247;11980;1492;3880;LINESTRING(14.6028 49.9840,14.5995 49.9861)
1138;21580;;90;16453;27795;6050;8867;LINESTRING(14.5957 49.9777,14.6008 49.9786)
1139;21581;;90;15106;19596;5321;7119;LINESTRING(14.6008 49.9786,14.6038 49.9795)
1140;21582;;90;3779;6353;553;2924;LINESTRING(14.6038 49.9795,14.6051 49.9801)
1141;21583;;90;11328;13243;4768;4195;LINESTRING(14.6038 49.9795,14.6048 49.9792,14.6056 49.9791,14.6062 49.9791,14.6068 49.9792,14.6075 49.9791,14.6088 49.9787)
1142;21584;;90;24755;0;6142;0;LINESTRING(14.6098 49.9848,14.6089 49.9841)
1143;21585;;90;7575;0;491;0;LINESTRING(14.6089 49.9841,14.6086 49.9836,14.6082 49.9831,14.6078 49.9827,14.6074 49.9824,14.6069 49.9821,14.6064 49.9820,14.6057 49.9820,14.6051 49.9822)
1144;21586;HORNOMECHOL.;75;16736;16271;538;564;LINESTRING(14.5671 50.0447,14.5671 50.0455,14.5670 50.0461)
1145;21587;HORNOMECHOL.;75;16736;16271;538;564;LINESTRING(14.5635 50.0488,14.5657 50.0474,14.5662 50.0471,14.5666 50.0467,14.5669 50.0463,14.5670 50.0461)
1146;21588;;31;7003;10221;162;74;LINESTRING(14.5837 50.0021,14.5839 50.0031)
1147;21589;;31;7316;9987;159;62;LINESTRING(14.5830 50.0036,14.5833 50.0035,14.5837 50.0034,14.5838 50.0033,14.5839 50.0031)
1148;21590;;31;1408;4028;4;15;LINESTRING(14.6018 50.0094,14.5966 50.0080,14.5958 50.0074,14.5933 50.0066,14.5864 50.0039,14.5850 50.0033,14.5839 50.0031)
1149;21591;;31;3245;7150;16;161;LINESTRING(14.6355 49.9882,14.6334 49.9882,14.6328 49.9883,14.6322 49.9881,14.6308 49.9876,14.6294 49.9872,14.6280 49.9870,14.6263 49.9870,14.6234 49.9876,14.6214 49.9878)
1150;21592;;31;3864;9378;109;248;LINESTRING(14.6198 49.9877,14.6214 49.9878)
1151;21593;;31;721;2228;92;86;LINESTRING(14.6177 49.9991,14.6170 49.9986,14.6167 49.9981,14.6167 49.9972,14.6186 49.9930,14.6191 49.9924,14.6192 49.9911,14.6202 49.9896,14.6210 49.9891,14.6223 49.9890,14.6226 49.9888,14.6226 49.9883,14.6217 49.9882,14.6214 49.9878)
1152;21594;;81;2940;2119;128;98;LINESTRING(14.6356 50.0168,14.6404 50.0172,14.6442 50.0172,14.6454 50.0173,14.6488 50.0183,14.6493 50.0182)
1153;21595;;83;2940;2119;128;98;LINESTRING(14.6529 50.0183,14.6519 50.0181,14.6509 50.0186,14.6497 50.0180,14.6493 50.0182)
1154;21598;;83;1165;4843;38;82;LINESTRING(14.6353 50.0373,14.6359 50.0380,14.6366 50.0382,14.6393 50.0383)
1155;21599;;81;603;1978;38;28;LINESTRING(14.6585 50.0376,14.6526 50.0375,14.6508 50.0375,14.6483 50.0375,14.6452 50.0375,14.6438 50.0379,14.6421 50.0381,14.6410 50.0382,14.6393 50.0383)
1156;21600;;82;562;2865;0;54;LINESTRING(14.6393 50.0383,14.6399 50.0387,14.6382 50.0410,14.6384 50.0414,14.6438 50.0428)
1157;21601;;31;562;2865;0;54;LINESTRING(14.6438 50.0428,14.6466 50.0435,14.6478 50.0443,14.6486 50.0455,14.6497 50.0466,14.6516 50.0479,14.6533 50.0496)
1158;21602;;31;547;2254;2;43;LINESTRING(14.6659 50.0531,14.6533 50.0496)
1159;21603;;30;526;2831;2;95;LINESTRING(14.6533 50.0496,14.6518 50.0505,14.6497 50.0523,14.6483 50.0527,14.6477 50.0535)
1160;21604;;30;871;2943;17;99;LINESTRING(14.6451 50.0600,14.6460 50.0586,14.6463 50.0582,14.6466 50.0562,14.6472 50.0544,14.6477 50.0535)
1161;21607;I/12;22;23735;15647;3156;1420;LINESTRING(14.7543 50.0724,14.7614 50.0723)
1162;21610;;30;1325;1162;84;47;LINESTRING(14.7608 50.0534,14.7586 50.0580)
1163;21611;;30;1256;822;78;26;LINESTRING(14.7357 50.0666,14.7390 50.0674,14.7399 50.0669,14.7519 50.0613,14.7586 50.0580)
1164;21612;;30;69;340;6;21;LINESTRING(14.7614 50.0723,14.7612 50.0711,14.7604 50.0697,14.7603 50.0678,14.7602 50.0653,14.7590 50.0633,14.7582 50.0600,14.7586 50.0580)
1165;21614;;75;977;0;81;0;LINESTRING(14.6310 50.0709,14.6308 50.0716,14.6309 50.0723)
1166;21615;;75;4172;0;331;0;LINESTRING(14.6317 50.0744,14.6309 50.0723)
1167;21617;;92;1045;0;45;0;LINESTRING(14.7485 50.0725,14.7483 50.0719)
1168;21618;;92;1045;0;45;0;LINESTRING(14.7483 50.0719,14.7490 50.0711)
1169;21619;;92;1045;0;45;0;LINESTRING(14.7490 50.0711,14.7502 50.0709,14.7512 50.0711,14.7516 50.0717)
1170;21620;;92;0;0;0;0;LINESTRING(14.7516 50.0717,14.7512 50.0728)
1171;21621;;93;877;0;32;0;LINESTRING(14.7543 50.0724,14.7512 50.0728)
1172;21622;;93;0;0;0;0;LINESTRING(14.7483 50.0719,14.7456 50.0702)
1173;21623;;93;0;0;0;0;LINESTRING(14.7456 50.0702,14.7490 50.0711)
1174;21624;;93;1045;0;45;0;LINESTRING(14.7516 50.0717,14.7543 50.0724)
1175;21625;;92;877;0;32;0;LINESTRING(14.7512 50.0728,14.7505 50.0731,14.7494 50.0730)
1176;21626;;92;877;0;32;0;LINESTRING(14.7494 50.0730,14.7485 50.0725)
1177;21627;I/2;24;20136;18418;1715;1773;LINESTRING(14.6616 50.0023,14.6643 50.0006)
1178;21628;;29;17954;19415;633;2225;LINESTRING(14.6651 50.0028,14.6619 50.0009)
1179;21629;;93;8775;8128;424;1000;LINESTRING(14.6643 50.0006,14.6636 50.0004,14.6631 50.0004,14.6627 50.0005,14.6619 50.0009)
1180;21630;;93;1444;1582;4;14;LINESTRING(14.6643 50.0006,14.6653 50.0011,14.6658 50.0023,14.6657 50.0024,14.6651 50.0028)
1181;21631;;93;5037;8482;342;1077;LINESTRING(14.6616 50.0023,14.6622 50.0027,14.6625 50.0029,14.6631 50.0030,14.6637 50.0031,14.6642 50.0031,14.6646 50.0030,14.6651 50.0028)
1182;21632;;90;11497;6353;1063;2924;LINESTRING(14.6051 49.9801,14.6066 49.9809,14.6074 49.9815)
1183;21633;;91;3779;6353;553;2924;LINESTRING(14.6074 49.9815,14.6078 49.9816,14.6082 49.9815,14.6085 49.9814,14.6087 49.9811,14.6087 49.9808,14.6086 49.9806,14.6082 49.9804,14.6079 49.9804,14.6077 49.9803)
1184;21634;;90;15518;0;5489;0;LINESTRING(14.6092 49.9810,14.6093 49.9835)
1185;21635;;90;23237;0;5999;0;LINESTRING(14.6093 49.9835,14.6098 49.9848)
1186;21636;;90;7718;0;510;0;LINESTRING(14.6074 49.9815,14.6082 49.9822,14.6087 49.9827,14.6093 49.9835)
1187;21643;;31;2214;2322;27;63;LINESTRING(14.6872 50.0377,14.6865 50.0388,14.6860 50.0390)
1188;21645;;31;1870;2289;22;59;LINESTRING(14.6860 50.0390,14.6855 50.0392,14.6851 50.0397,14.6849 50.0409,14.6850 50.0412,14.6840 50.0415,14.6829 50.0422,14.6814 50.0442,14.6801 50.0461,14.6801 50.0465,14.6800 50.0469,14.6774 50.0502)
1189;21646;;31;1445;1552;20;22;LINESTRING(14.6707 50.0549,14.6717 50.0541,14.6729 50.0542,14.6736 50.0541,14.6743 50.0539,14.6774 50.0502)
1190;21648;;27;10082;10503;185;688;LINESTRING(14.7035 50.0720,14.7040 50.0725)
1191;21649;;27;6547;8187;185;688;LINESTRING(14.7121 50.0801,14.7113 50.0779,14.7106 50.0769,14.7098 50.0763,14.7040 50.0725)
1192;21650;;30;1238;1125;11;37;LINESTRING(14.7019 50.0572,14.7048 50.0594,14.7093 50.0626,14.7104 50.0632,14.7136 50.0642,14.7149 50.0647,14.7155 50.0650,14.7165 50.0656)
1193;21651;;30;1551;1520;11;37;LINESTRING(14.7228 50.0684,14.7225 50.0680,14.7209 50.0675,14.7202 50.0674,14.7198 50.0669,14.7191 50.0665,14.7181 50.0664,14.7173 50.0662,14.7165 50.0656)
1194;21653;;29;10244;8190;261;640;LINESTRING(14.6594 49.9943,14.6598 49.9948,14.6599 49.9965,14.6593 49.9968)
1195;21654;;29;15480;13198;324;666;LINESTRING(14.6577 49.9987,14.6580 49.9978,14.6593 49.9968)
1196;21656;;33;5594;8910;71;593;LINESTRING(14.6707 50.0549,14.6705 50.0557,14.6702 50.0561,14.6694 50.0565)
1197;21657;;33;6008;8781;98;339;LINESTRING(14.6675 50.0584,14.6686 50.0576,14.6690 50.0570,14.6690 50.0568,14.6694 50.0565)
1198;21658;;27;11514;7982;469;916;LINESTRING(14.7207 50.0453,14.7265 50.0476,14.7272 50.0478,14.7280 50.0478,14.7289 50.0477)
1199;21659;;27;11371;8460;469;918;LINESTRING(14.7312 50.0469,14.7302 50.0469,14.7299 50.0470,14.7289 50.0477)
1200;21660;;94;4170;0;517;0;LINESTRING(14.5920 50.0780,14.5915 50.0758)
1201;21661;;94;7087;0;1084;0;LINESTRING(14.5915 50.0758,14.5916 50.0750,14.5921 50.0740,14.5924 50.0735)
1202;21662;;94;2917;0;568;0;LINESTRING(14.5924 50.0735,14.5954 50.0707)
1203;21672;;81;1912;2059;5;152;LINESTRING(14.6318 50.0135,14.6312 50.0120,14.6313 50.0119,14.6313 50.0119,14.6314 50.0118,14.6315 50.0118,14.6316 50.0117,14.6318 50.0116,14.6319 50.0116,14.6322 50.0115,14.6324 50.0114,14.6328 50.0114,14.6330 50.0113,14.6331 50.0113)
1204;21673;;81;2474;2495;5;150;LINESTRING(14.6318 50.0135,14.6323 50.0158)
1205;21680;;31;2476;3144;13;76;LINESTRING(14.6901 50.0137,14.6871 50.0131,14.6861 50.0131,14.6849 50.0134,14.6826 50.0134,14.6811 50.0137,14.6806 50.0138,14.6795 50.0136,14.6785 50.0136,14.6774 50.0136,14.6766 50.0134,14.6760 50.0129,14.6755 50.0128,14.6744 50.0127)
1206;21681;;31;4483;4671;14;77;LINESTRING(14.6687 50.0129,14.6744 50.0127)
1207;21706;K DUBCI;82;4113;10404;79;241;LINESTRING(14.6394 50.0660,14.6388 50.0650,14.6381 50.0648)
1208;21707;;30;4410;2025;50;291;LINESTRING(14.6893 50.0656,14.6894 50.0680,14.6893 50.0686)
1209;21716;;81;4439;4212;123;316;LINESTRING(14.6647 50.0755,14.6656 50.0735,14.6659 50.0707)
1210;21717;;81;3115;3712;0;0;LINESTRING(14.6759 50.0701,14.6795 50.0722)
1211;21723;;31;577;351;19;18;LINESTRING(14.7465 50.0765,14.7440 50.0750,14.7410 50.0743,14.7379 50.0736,14.7371 50.0731)
1212;21725;;31;3582;2536;69;59;LINESTRING(14.7323 50.0722,14.7327 50.0708)
1213;21730;;33;2012;868;0;0;LINESTRING(14.7242 50.0733,14.7211 50.0756,14.7194 50.0764)
1214;21732;;27;7676;12232;601;1783;LINESTRING(14.5127 49.9684,14.5050 49.9714)
1215;21736;;27;16482;16798;2238;1499;LINESTRING(14.4984 49.9795,14.4948 49.9846)
1216;21737;;27;20077;17862;2261;1237;LINESTRING(14.4904 49.9910,14.4948 49.9846)
1217;21747;PRATELSTVI;75;8057;13924;825;1392;LINESTRING(14.6270 50.0216,14.6314 50.0192,14.6329 50.0183)
1218;21791;;81;4815;4936;138;73;LINESTRING(14.5564 50.1108,14.5567 50.1099,14.5567 50.1095,14.5567 50.1089)
1219;21792;;81;5470;5502;138;73;LINESTRING(14.5563 50.1082,14.5567 50.1089)
1220;21793;;99;134;166;0;43;LINESTRING(14.4796 50.0526,14.4788 50.0524,14.4775 50.0513)
1221;21806;;95;19035;14568;6194;4988;LINESTRING(14.5836 50.1180,14.5855 50.1181)
1222;21807;;95;19035;14568;6194;4988;LINESTRING(14.5855 50.1181,14.5861 50.1180,14.5867 50.1178,14.5872 50.1174)
1223;21809;;94;27712;21831;4780;3448;LINESTRING(14.5934 50.1201,14.5961 50.1211)
1224;21875;;75;15178;12010;825;367;LINESTRING(14.5751 50.1085,14.5751 50.1084,14.5739 50.1078)
1225;21876;;75;15176;12003;822;360;LINESTRING(14.5748 50.1098,14.5752 50.1086,14.5751 50.1085)
1226;22016;;53;30747;0;2138;0;LINESTRING(14.5974 50.0729,14.5950 50.0733,14.5937 50.0736)
1227;22017;;53;35859;0;2758;0;LINESTRING(14.5937 50.0736,14.5911 50.0744)
1228;22018;;94;5112;0;620;0;LINESTRING(14.5954 50.0707,14.5933 50.0735,14.5929 50.0744,14.5930 50.0749,14.5933 50.0751,14.5939 50.0751,14.5944 50.0748,14.5945 50.0743,14.5942 50.0740,14.5937 50.0736)
1229;22020;;98;4343;5783;667;730;LINESTRING(14.5939 50.0798,14.5936 50.0800,14.5933 50.0802,14.5929 50.0808)
1230;22021;;98;4079;6942;545;754;LINESTRING(14.5929 50.0808,14.5923 50.0805,14.5917 50.0803,14.5912 50.0803)
1231;50000;;27;9634;0;391;0;LINESTRING(14.6832 50.0226,14.6823 50.0221,14.6812 50.0216,14.6695 50.0186)
1232;50004;;27;9113;0;429;0;LINESTRING(14.7207 50.0453,14.7171 50.0418,14.7155 50.0402,14.7143 50.0394,14.6977 50.0296,14.6953 50.0286,14.6910 50.0272)
1233;50006;;27;3075;7982;46;916;LINESTRING(14.7207 50.0453,14.7200 50.0453,14.7168 50.0443,14.7162 50.0435,14.7156 50.0428)
1234;50008;;27;14034;8941;501;875;LINESTRING(14.7331 50.0482,14.7320 50.0499,14.7316 50.0524,14.7318 50.0543)
1235;50012;;31;1736;1033;17;24;LINESTRING(14.7308 50.1040,14.7333 50.1043,14.7347 50.1049,14.7354 50.1056,14.7361 50.1058,14.7395 50.1055)
1236;50014;;27;12356;11085;731;1724;LINESTRING(14.6989 50.1264,14.6985 50.1286,14.6986 50.1305)
1237;51740;;99;7741;10540;857;993;LINESTRING(14.5957 50.0814,14.5956 50.0807,14.5953 50.0801,14.5950 50.0799,14.5945 50.0798,14.5939 50.0798)
1238;51743;;98;4715;9303;693;978;LINESTRING(14.5906 50.0817,14.5904 50.0812,14.5905 50.0808,14.5908 50.0806,14.5912 50.0803)
1239;51767;;94;19035;14568;6194;4988;LINESTRING(14.5883 50.1154,14.5880 50.1166)
1240;51768;;98;7086;9955;377;288;LINESTRING(14.5879 50.1116,14.5851 50.1104)
1241;51769;;99;16943;4814;1128;188;LINESTRING(14.5888 50.1109,14.5896 50.1104,14.5898 50.1102,14.5897 50.1099,14.5895 50.1097)
1242;51770;;98;4824;4814;349;188;LINESTRING(14.5895 50.1097,14.5894 50.1096,14.5892 50.1096,14.5890 50.1095,14.5888 50.1096,14.5885 50.1096,14.5883 50.1097,14.5882 50.1098,14.5881 50.1099,14.5880 50.1100)
1243;51771;;99;12119;0;779;0;LINESTRING(14.5882 50.1086,14.5895 50.1097)
1244;51772;;94;26527;17129;3722;3250;LINESTRING(14.5938 50.0960,14.5939 50.0969)
1245;51773;;95;6433;0;202;0;LINESTRING(14.5939 50.0969,14.5934 50.0982)
1246;51774;;94;7843;0;225;0;LINESTRING(14.5934 50.0982,14.5922 50.1003)
1247;51775;;95;1410;0;23;0;LINESTRING(14.5922 50.1003,14.5915 50.1010)
1248;51799;;31;3028;3103;79;82;LINESTRING(14.6810 50.1118,14.6831 50.1119,14.6848 50.1117,14.6859 50.1122,14.6872 50.1132,14.6897 50.1143)
1249;51800;;31;2248;2908;81;110;LINESTRING(14.6973 50.1161,14.6941 50.1161,14.6939 50.1159,14.6916 50.1152,14.6909 50.1148,14.6897 50.1143)
1250;51844;;94;31280;0;3157;0;LINESTRING(14.5949 50.0748,14.5943 50.0753,14.5932 50.0758,14.5928 50.0762,14.5926 50.0765,14.5925 50.0769)
1251;51845;;94;27882;0;2967;0;LINESTRING(14.5925 50.0769,14.5920 50.0780)
1252;51846;;99;3398;0;190;0;LINESTRING(14.5925 50.0769,14.5925 50.0781,14.5929 50.0796,14.5933 50.0798,14.5939 50.0798)
1253;51847;;99;637;0;148;0;LINESTRING(14.5912 50.0803,14.5917 50.0801,14.5920 50.0798,14.5913 50.0772)
1254;51859;;82;10866;767;22;151;LINESTRING(14.6027 50.1179,14.6021 50.1149)
1255;51860;;82;11426;0;200;0;LINESTRING(14.6018 50.1135,14.6021 50.1149)
1256;51861;VE ZLIBKU;76;11864;13384;437;608;LINESTRING(14.6256 50.1175,14.6249 50.1192,14.6248 50.1197,14.6249 50.1212)
1257;51862;VE ZLIBKU;75;12072;13556;562;713;LINESTRING(14.6244 50.1224,14.6249 50.1212)
1258;52023;CESKOBRODSKA;75;16123;23469;785;1440;LINESTRING(14.6045 50.0805,14.6055 50.0805,14.6063 50.0806,14.6071 50.0808,14.6078 50.0810,14.6085 50.0811,14.6103 50.0812,14.6117 50.0812,14.6128 50.0810)
1259;52024;CESKOBRODSKA;75;15856;23427;741;1392;LINESTRING(14.6164 50.0810,14.6138 50.0810,14.6128 50.0810)
1260;52025;VE ZLIBKU;75;15573;13486;681;958;LINESTRING(14.6171 50.0868,14.6168 50.0859,14.6166 50.0825)
1261;52026;VE ZLIBKU;75;15865;13740;706;1004;LINESTRING(14.6164 50.0810,14.6166 50.0825)
1262;52047;NACHODSKA;74;13246;16061;614;664;LINESTRING(14.6256 50.1175,14.6198 50.1165)
1263;52048;NACHODSKA;74;13666;16509;663;667;LINESTRING(14.6130 50.1154,14.6198 50.1165)
1264;52049;;82;3718;3296;183;8;LINESTRING(14.6198 50.1165,14.6209 50.1153)
1265;52050;;82;1168;842;67;332;LINESTRING(14.6260 50.1161,14.6250 50.1160,14.6209 50.1153)
1266;52052;;30;1473;2052;19;290;LINESTRING(14.6799 50.0567,14.6798 50.0571,14.6797 50.0578,14.6798 50.0580,14.6802 50.0582,14.6806 50.0583,14.6807 50.0585,14.6810 50.0597,14.6819 50.0606)
1267;52053;;30;1827;2025;24;291;LINESTRING(14.6873 50.0643,14.6868 50.0640,14.6865 50.0634,14.6861 50.0631,14.6855 50.0629,14.6837 50.0620,14.6831 50.0617,14.6821 50.0608,14.6819 50.0606)
1268;52054;;33;1766;4051;29;311;LINESTRING(14.6694 50.0565,14.6708 50.0567,14.6725 50.0568,14.6736 50.0571,14.6756 50.0570,14.6775 50.0570)
1269;52055;;33;1203;3526;14;300;LINESTRING(14.6799 50.0567,14.6790 50.0570,14.6786 50.0570,14.6775 50.0570)
1270;52056;;30;1535;2260;24;47;LINESTRING(14.6799 50.0567,14.6806 50.0564,14.6817 50.0566,14.6831 50.0571,14.6843 50.0572)
1271;52057;;30;1320;1895;17;41;LINESTRING(14.7019 50.0572,14.6994 50.0560,14.6982 50.0561,14.6963 50.0554,14.6953 50.0557,14.6940 50.0562,14.6920 50.0568,14.6888 50.0573,14.6868 50.0571,14.6845 50.0572,14.6843 50.0572)
1272;52058;;33;800;1161;6;39;LINESTRING(14.6799 50.0567,14.6810 50.0530)
1273;52059;;33;461;899;2;37;LINESTRING(14.6774 50.0502,14.6813 50.0513,14.6815 50.0515,14.6810 50.0530)
1274;52148;;75;15426;0;504;0;LINESTRING(14.4781 49.9930,14.4784 49.9946,14.4782 49.9951,14.4768 49.9963)
1275;52161;;33;4689;0;361;0;LINESTRING(14.5858 49.9922,14.5832 49.9925,14.5814 49.9930,14.5765 49.9958)
1276;52175;;75;15768;0;531;0;LINESTRING(14.4761 49.9983,14.4762 49.9973,14.4765 49.9968,14.4768 49.9963)
1277;52176;;29;2732;3022;515;918;LINESTRING(14.5148 49.9675,14.5197 49.9676,14.5249 49.9688,14.5266 49.9691)
1278;52177;;29;7021;5825;1445;1094;LINESTRING(14.5320 49.9696,14.5274 49.9692,14.5266 49.9691)
1279;52178;;29;1278;1875;0;143;LINESTRING(14.5084 49.9640,14.5107 49.9664)
1280;52179;;29;1683;1460;0;98;LINESTRING(14.5127 49.9684,14.5107 49.9664)
1281;52181;;33;7093;7806;226;310;LINESTRING(14.5850 49.9964,14.5828 49.9967,14.5823 49.9969,14.5784 49.9991,14.5779 49.9994,14.5776 49.9998)
1282;52182;;33;7285;8719;194;289;LINESTRING(14.5763 50.0027,14.5776 49.9998)
1283;52186;;30;12056;9402;413;304;LINESTRING(14.5870 49.9855,14.5859 49.9864,14.5851 49.9876,14.5854 49.9901,14.5856 49.9911)
1284;52187;;30;12597;9448;457;304;LINESTRING(14.5858 49.9922,14.5856 49.9911)
1285;52189;;81;6593;11191;2772;2482;LINESTRING(14.6230 50.1253,14.6196 50.1246)
1286;52190;;81;2988;5130;1673;1431;LINESTRING(14.6080 50.1222,14.6196 50.1246)
1287;52191;;81;4343;6775;1235;1040;LINESTRING(14.6244 50.1224,14.6211 50.1217)
1288;52192;;81;2649;4994;875;754;LINESTRING(14.6094 50.1194,14.6211 50.1217)
1289;52198;;82;6980;10028;51;536;LINESTRING(14.5903 50.0391,14.5896 50.0399,14.5873 50.0427)
1290;52199;;82;7608;9915;245;348;LINESTRING(14.5848 50.0458,14.5873 50.0427)
1291;52201;U KUNR.LESA;75;15882;15370;155;392;LINESTRING(14.4876 50.0314,14.4876 50.0314,14.4878 50.0317,14.4878 50.0317)
1292;52202;U KUNR.LESA;75;15882;15370;155;392;LINESTRING(14.4881 50.0322,14.4878 50.0317)
1293;52203;ROZTYLSKA;72;17339;16374;292;459;LINESTRING(14.4906 50.0315,14.4895 50.0321)
1294;52204;ROZTYLSKA;72;17339;16374;292;459;LINESTRING(14.4888 50.0324,14.4895 50.0321)
1295;52205;POD CHODOVEM;72;23502;22721;629;750;LINESTRING(14.4890 50.0329,14.4899 50.0333,14.4899 50.0333)
1296;52206;POD CHODOVEM;72;23502;22721;629;750;LINESTRING(14.4907 50.0337,14.4899 50.0333)
1297;52212;;83;2900;2660;49;38;LINESTRING(14.4596 50.0188,14.4576 50.0172)
1298;52214;;83;2900;2660;49;38;LINESTRING(14.4572 50.0139,14.4570 50.0161,14.4576 50.0172)
1299;52219;;30;412;286;0;0;LINESTRING(14.5761 49.9826,14.5768 49.9833,14.5767 49.9836,14.5763 49.9838,14.5663 49.9867,14.5644 49.9867,14.5640 49.9866,14.5633 49.9864,14.5627 49.9865,14.5618 49.9869,14.5613 49.9869,14.5603 49.9867,14.5597 49.9871)
1300;52257;;29;6982;8071;108;621;LINESTRING(14.6990 50.1156,14.6986 50.1149,14.7002 50.1145,14.7023 50.1138,14.7025 50.1135)
1301;52261;;31;939;800;10;7;LINESTRING(14.5614 50.0017,14.5618 50.0016,14.5625 50.0014,14.5633 50.0010,14.5695 50.0015,14.5707 50.0016)
1302;52262;;31;1088;800;2;7;LINESTRING(14.5763 50.0027,14.5754 50.0026,14.5707 50.0016)
1303;52263;;33;2425;0;80;0;LINESTRING(14.5765 49.9958,14.5721 49.9984,14.5713 49.9995,14.5710 50.0003)
1304;52264;;33;1168;0;71;0;LINESTRING(14.5676 50.0042,14.5712 50.0021,14.5723 50.0014,14.5726 50.0008,14.5720 50.0004,14.5710 50.0003)
1305;52265;;33;1256;0;10;0;LINESTRING(14.5707 50.0016,14.5710 50.0003)
1306;52274;CESKOBRODSKA;74;18615;14672;1353;560;LINESTRING(14.5807 50.0843,14.5854 50.0826,14.5871 50.0823,14.5904 50.0818,14.5906 50.0817)
1307;52275;CESKOBRODSKA;74;12579;14672;1263;560;LINESTRING(14.5773 50.0853,14.5807 50.0843)
1308;52276;;82;7170;0;93;0;LINESTRING(14.5739 50.0824,14.5774 50.0827)
1309;52277;;82;7243;0;92;0;LINESTRING(14.5807 50.0843,14.5798 50.0831,14.5792 50.0828,14.5784 50.0826,14.5774 50.0827)
1310;53284;K MECHOLUPUM;75;15692;13676;566;502;LINESTRING(14.5635 50.0488,14.5631 50.0485,14.5631 50.0483,14.5631 50.0483,14.5632 50.0482,14.5634 50.0481,14.5636 50.0481,14.5638 50.0482,14.5639 50.0482,14.5640 50.0484,14.5642 50.0486,14.5647 50.0492,14.5655 50.0501)
1311;53285;K MECHOLUPUM;75;16158;13591;581;504;LINESTRING(14.5670 50.0518,14.5668 50.0514,14.5655 50.0501)
1312;53320;K DALNICI;75;13471;12492;180;410;LINESTRING(14.5987 50.0316,14.5947 50.0296)
1313;53321;K DALNICI;75;12861;11796;146;264;LINESTRING(14.5932 50.0286,14.5947 50.0296)
1314;53323;PRATELSTVI;75;6819;13767;684;1384;LINESTRING(14.6086 50.0314,14.6091 50.0312,14.6099 50.0311,14.6103 50.0309,14.6113 50.0304)
1315;53324;PRATELSTVI;75;7624;13924;790;1392;LINESTRING(14.6270 50.0216,14.6218 50.0245,14.6113 50.0304)
1316;53325;;81;3767;5912;44;125;LINESTRING(14.6086 50.0314,14.6091 50.0315,14.6094 50.0315,14.6098 50.0313,14.6120 50.0312)
1317;53326;;81;1896;4232;88;42;LINESTRING(14.6120 50.0312,14.6149 50.0311,14.6171 50.0315,14.6188 50.0319,14.6208 50.0322,14.6231 50.0329,14.6260 50.0337,14.6281 50.0342,14.6287 50.0346,14.6289 50.0349)
1318;53327;;81;814;157;115;7;LINESTRING(14.6113 50.0304,14.6118 50.0308,14.6120 50.0312)
1319;53402;;96;5006;3889;355;438;LINESTRING(14.5221 50.0655,14.5231 50.0660)
1320;53403;;99;5006;3889;355;438;LINESTRING(14.5188 50.0647,14.5221 50.0655)
1321;53450;CERNOKOSTEL.;72;32494;23531;2134;1629;LINESTRING(14.5310 50.0761,14.5333 50.0749,14.5344 50.0741,14.5352 50.0734,14.5355 50.0726,14.5356 50.0723)
1322;53451;CERNOKOSTEL.;72;32494;23531;2134;1629;LINESTRING(14.5373 50.0713,14.5367 50.0714,14.5361 50.0716,14.5358 50.0719,14.5356 50.0723)
1323;53452;;99;27006;21067;2382;3129;LINESTRING(14.5376 50.0734,14.5368 50.0734,14.5366 50.0733,14.5365 50.0732,14.5364 50.0730,14.5363 50.0728)
1324;53453;;99;27006;21067;2382;3129;LINESTRING(14.5366 50.0721,14.5363 50.0727,14.5363 50.0728)
1325;53639;;27;24233;21877;1720;1816;LINESTRING(14.7030 50.1270,14.7111 50.1281)
1326;53640;;27;6416;20317;193;1758;LINESTRING(14.7277 50.1305,14.7111 50.1281)
1327;53643;;27;17870;2370;1527;64;LINESTRING(14.7111 50.1281,14.7135 50.1262)
1328;53644;;27;16148;0;1464;0;LINESTRING(14.7309 50.1266,14.7192 50.1246,14.7176 50.1244,14.7161 50.1246,14.7152 50.1251,14.7135 50.1262)
1329;53647;;31;2868;;139;;LINESTRING(14.7407 50.1092,14.7397 50.1098,14.7396 50.1133,14.7391 50.1144,14.7365 50.1170,14.7348 50.1178,14.7334 50.1194,14.7327 50.1219,14.7309 50.1266)
1330;53648;;31;340;1835;2;62;LINESTRING(14.7299 50.1307,14.7309 50.1266)
1331;53651;;31;3051;2175;26;24;LINESTRING(14.7171 50.0941,14.7189 50.0951,14.7227 50.0975,14.7244 50.0972,14.7248 50.0987)
1332;53652;;31;1736;1033;17;24;LINESTRING(14.7308 50.1040,14.7294 50.1037,14.7273 50.1027,14.7261 50.1018,14.7250 50.0997,14.7248 50.0987)
1333;61022;;94;27712;21831;4780;3448;LINESTRING(14.5883 50.1154,14.5893 50.1170)
1334;61071;;27;12429;24117;958;2804;LINESTRING(14.6314 49.9778,14.6344 49.9790,14.6359 49.9801,14.6365 49.9813,14.6372 49.9834)
1335;61072;;27;13843;24199;1043;2804;LINESTRING(14.6390 49.9853,14.6379 49.9844,14.6372 49.9834)
1336;61073;;33;5546;7912;68;43;LINESTRING(14.6425 49.9885,14.6433 49.9884,14.6444 49.9889,14.6477 49.9896,14.6494 49.9898)
1337;61074;;33;6637;9521;84;79;LINESTRING(14.6507 49.9906,14.6494 49.9898)
1338;61075;;31;8482;9781;79;41;LINESTRING(14.6571 49.9916,14.6554 49.9917,14.6539 49.9915,14.6536 49.9911,14.6530 49.9909,14.6519 49.9911)
1339;61076;;31;6968;9578;83;79;LINESTRING(14.6507 49.9906,14.6519 49.9911)
1340;61077;;31;3387;3126;19;40;LINESTRING(14.6490 49.9955,14.6519 49.9911)
1341;61078;;30;1268;1609;19;36;LINESTRING(14.6436 49.9791,14.6455 49.9809,14.6461 49.9816,14.6485 49.9839,14.6490 49.9852,14.6483 49.9868,14.6484 49.9875,14.6494 49.9898)
1342;61079;;31;78;247;0;0;LINESTRING(14.6382 49.9777,14.6386 49.9780,14.6397 49.9785,14.6402 49.9787,14.6432 49.9790,14.6436 49.9791)
1343;61080;;31;3405;630;395;26;LINESTRING(14.6382 49.9777,14.6374 49.9781,14.6360 49.9792,14.6346 49.9805,14.6339 49.9806)
1344;61081;;31;1413;82;85;0;LINESTRING(14.6339 49.9806,14.6334 49.9807,14.6332 49.9809,14.6332 49.9811,14.6334 49.9812,14.6336 49.9813,14.6342 49.9812,14.6348 49.9812,14.6351 49.9813,14.6354 49.9819,14.6356 49.9822,14.6359 49.9825,14.6364 49.9829,14.6366 49.9831,14.6368 49.9833,14.6370 49.9834,14.6372 49.9834)
1345;61082;;31;2176;751;310;26;LINESTRING(14.6314 49.9778,14.6312 49.9780,14.6314 49.9781,14.6316 49.9782,14.6324 49.9785,14.6328 49.9786,14.6330 49.9789,14.6332 49.9800,14.6332 49.9801,14.6335 49.9803,14.6338 49.9804,14.6339 49.9806)
1346;61083;;31;2936;325;394;26;LINESTRING(14.6407 49.9750,14.6395 49.9757,14.6393 49.9762,14.6382 49.9777)
1347;61085;;30;9827;6402;1789;1597;LINESTRING(14.6130 49.9727,14.6190 49.9688)
1348;61092;;34;1951;1048;283;49;LINESTRING(14.6407 49.9750,14.6415 49.9752,14.6426 49.9753,14.6440 49.9753,14.6445 49.9755)
1349;61093;;34;1191;1362;19;36;LINESTRING(14.6445 49.9755,14.6444 49.9758,14.6444 49.9763,14.6445 49.9780,14.6444 49.9784,14.6436 49.9791)
1350;61116;;27;9563;0;409;0;LINESTRING(14.6832 50.0226,14.6846 50.0235,14.6855 50.0245,14.6869 50.0256,14.6897 50.0268,14.6910 50.0272)
1351;61118;;30;1924;1360;69;27;LINESTRING(14.6901 50.0137,14.6906 50.0160,14.6888 50.0189)
1352;61119;;30;3736;1217;84;17;LINESTRING(14.6832 50.0226,14.6849 50.0211,14.6877 50.0193,14.6888 50.0189)
1353;61121;;31;736;770;0;6;LINESTRING(14.7020 50.0033,14.7040 50.0043,14.7059 50.0043,14.7080 50.0042,14.7092 50.0051,14.7097 50.0056,14.7112 50.0054,14.7117 50.0057,14.7123 50.0064,14.7133 50.0074,14.7140 50.0075,14.7144 50.0078)
1354;61122;;31;2728;2289;31;58;LINESTRING(14.7144 50.0078,14.7127 50.0082,14.7094 50.0083,14.7076 50.0091,14.7055 50.0097,14.7039 50.0098,14.7031 50.0103,14.7012 50.0138,14.7014 50.0146,14.7010 50.0147,14.6994 50.0147)
1355;61123;;31;1369;1999;14;80;LINESTRING(14.6901 50.0137,14.6927 50.0141,14.6946 50.0139,14.6962 50.0142,14.6977 50.0147,14.6994 50.0147)
1356;61124;;31;2807;1179;30;23;LINESTRING(14.6994 50.0147,14.6979 50.0150,14.6957 50.0162,14.6954 50.0165,14.6949 50.0170,14.6941 50.0171,14.6933 50.0175,14.6933 50.0179)
1357;61125;;31;995;1322;16;33;LINESTRING(14.6910 50.0272,14.6926 50.0258,14.6933 50.0245,14.6935 50.0231,14.6935 50.0222,14.6944 50.0204,14.6944 50.0198,14.6933 50.0179)
1358;61126;;31;1472;1322;23;33;LINESTRING(14.6872 50.0377,14.6875 50.0368,14.6874 50.0364,14.6873 50.0351,14.6878 50.0340,14.6893 50.0321,14.6898 50.0314,14.6896 50.0307,14.6899 50.0285,14.6910 50.0272)
1359;61127;;31;1812;620;15;11;LINESTRING(14.6888 50.0189,14.6897 50.0190,14.6925 50.0182,14.6933 50.0179)
1360;61170;;83;1007;1017;2;6;LINESTRING(14.6220 50.0168,14.6258 50.0145)
1361;61171;;83;572;537;8;1;LINESTRING(14.6258 50.0145,14.6295 50.0144)
1362;61172;;83;1082;1003;11;3;LINESTRING(14.6323 50.0158,14.6295 50.0144)
1363;61175;;81;1827;2871;8;30;LINESTRING(14.6220 50.0168,14.6213 50.0159,14.6213 50.0156)
1364;61176;;81;1276;2457;11;32;LINESTRING(14.6242 50.0123,14.6228 50.0129,14.6226 50.0131,14.6226 50.0132,14.6227 50.0133,14.6231 50.0138,14.6231 50.0140,14.6226 50.0147,14.6213 50.0156)
1365;61536;;27;7457;12357;601;1836;LINESTRING(14.5050 49.9714,14.5033 49.9721,14.5002 49.9768)
1366;61537;;27;13877;12357;2101;1836;LINESTRING(14.4984 49.9795,14.5002 49.9768)
1367;61539;;27;6421;0;1501;0;LINESTRING(14.5084 49.9640,14.5073 49.9649,14.5061 49.9654,14.5047 49.9655,14.5035 49.9658,14.5027 49.9665,14.4998 49.9702)
1368;61540;;27;6421;0;1501;0;LINESTRING(14.5002 49.9768,14.4980 49.9761,14.4972 49.9754,14.4970 49.9745,14.4972 49.9737,14.4998 49.9702)
1369;61559;Kutnohorská;75;17075;14846;1818;2120;LINESTRING(14.5739 50.0479,14.5695 50.0504)
1370;61560;Kutnohorská;75;17342;15246;1729;2148;LINESTRING(14.5670 50.0518,14.5695 50.0504)
1371;61563;;75;956;838;156;85;LINESTRING(14.5695 50.0504,14.5691 50.0500,14.5689 50.0476)
